fetchTimestamp,ticker,longName,industry,sector,fullExchangeName,website,city,marketCap,regularMarketTime,currentPrice,open,dayHigh,dayLow,volume,previousClose,regularMarketChange,regularMarketChangePercent,fiftyTwoWeekLow,fiftyTwoWeekHigh,fiftyDayAverage,twoHundredDayAverage,averageVolume,sharesOutstanding,heldPercentInsiders,heldPercentInstitutions,totalCash,totalDebt,totalRevenue,returnOnEquity,profitMargins,bookValue,priceToBook,trailingPE,forwardPE,trailingEps,dividendYield,payoutRatio,lastSplitFactor,lastSplitDate,beta
2026-03-18T04:05:19.790340,HINDALCO.NS,Hindalco Industries Limited,Aluminum,Basic Materials,NSE,https://www.hindalco.com,Mumbai,2083835871232,1773806716,932.0,932.9,934.05,923.6,547060,936.65,-4.6500244,-0.4959497,546.45,1029.8,940.201,803.27,6666380,2235875391,0.36765,0.40492,252580003840,776500019200,2617010028544,,0.06143,607.505,1.5341437,12.88895,11.418376,72.31,0.53,0.0692,10:1,1125360000.0,0.84
2026-03-18T04:05:19.790340,ICICIBANK.NS,ICICI Bank Limited,Banks - Regional,Financial Services,NSE,https://www.icici.bank.in,Mumbai,9140681310208,1773806716,1277.1,1286.0,1290.1,1277.1,1156699,1288.7,-11.599976,-0.8998507,1240.1,1500.0,1372.298,1393.1235,14397602,7157373013,0.030150002,0.56025004,1793773404160,2154355490816,1924702535680,0.16798,0.27513,487.636,2.6189618,17.446722,16.05889,73.2,0.85,0.15020001,11:10,1497916800.0,0.177
2026-03-18T04:05:19.790340,BHARTIARTL.NS,Bharti Airtel Limited,Telecom Services,Communication Services,NSE,https://www.airtel.in,New Delhi,11252166295552,1773806717,1847.2,1826.8,1851.8,1826.8,586637,1827.0,20.199951,1.1053929,1627.5,2174.5,1959.78,1982.361,7184814,5699361104,0.51323,0.3382,276804009984,1979059011584,2034658050048,0.23125,0.14937,204.916,9.014425,36.498714,27.627293,50.61,0.88,0.31620002,2:1,1248393600.0,-0.061
2026-03-18T04:05:19.790340,SHRIRAMFIN.NS,Shriram Finance Limited,Credit Services,Financial Services,NSE,https://shriramfinance.in,Mumbai,1930635902976,1773806712,1026.1,1013.3,1028.9,1011.1,601616,1004.6,21.5,2.1395164,566.5,1108.0,1024.592,796.4535,7512467,1881528126,0.27558002,0.48223,119792803840,1691345485824,199077298176,,0.45946997,322.11,3.1855578,21.104485,17.42704,48.62,1.46,0.21200001,5:1,1736467200.0,0.513
2026-03-18T04:05:19.790340,ONGC.NS,Oil and Natural Gas Corporation Limited,Oil & Gas Integrated,Energy,NSE,https://www.ongcindia.com,New Delhi,3338177085440,1773806717,265.35,265.15,266.0,263.6,1149244,264.75,0.6000061,0.22667402,205.0,293.0,263.1146,247.34566,19047822,12580279206,0.69208,0.22935,502678290432,1760177946624,6559959089152,,0.057979997,292.589,0.90690356,8.777704,7.217993,30.23,6.99,0.4051,3:2,1481760000.0,0.217
2026-03-18T04:05:19.790340,BEL.NS,Bharat Electronics Limited,Aerospace & Defense,Industrials,NSE,https://www.bel-india.in,Bengaluru,3259064909824,1773806720,445.85,445.45,446.0,440.5,3349754,439.35,6.5,1.4799635,256.2,473.45,435.411,409.98526,20151559,7309778829,0.53198004,0.26386,81165197312,588899968,265352708096,,0.22475,29.476,15.125865,54.5716,45.332767,8.17,0.99,0.2941,3:1,1663200000.0,0.205
2026-03-18T04:05:19.790340,NESTLEIND.NS,Nestlé India Limited,Packaged Foods,Consumer Defensive,NSE,https://www.nestle.in,Gurugram,2333838934016,1773806716,1210.3,1206.0,1213.3,1206.0,49141,1206.9,3.4000244,0.2817155,1074.0,1340.4,1287.124,1231.4962,1086927,1928314320,0.62918997,0.16900998,3658899968,4768500224,218577698816,,0.14922,22.996,52.630894,71.61539,61.17054,16.9,1.58,0.7168,2:1,1754611200.0,0.258
2026-03-18T04:05:19.790340,ITC.NS,ITC Limited,Tobacco,Consumer Defensive,NSE,https://www.itcportal.com,Kolkata,3818909073408,1773806716,304.8,305.9,306.35,304.7,1305239,304.85,-0.05001831,-0.016402135,300.65,444.2,320.113,385.5535,28262771,12529229381,0.27313,0.50240004,185599197184,3629700096,798087184384,,0.43890998,56.707,5.3749976,18.756922,18.137943,16.25,4.71,0.8825,3:2,1467331200.0,-0.241
2026-03-18T04:05:19.790340,SUNPHARMA.NS,Sun Pharmaceutical Industries Limited,Drug Manufacturers - Specialty & Generic,Healthcare,NSE,https://sunpharma.com,Mumbai,4313764331520,1773806719,1797.9,1799.6,1805.0,1792.2,261288,1794.4,3.5,0.1950404,1548.0,1851.2,1713.174,1692.2285,2540996,2399334970,0.55615,0.28722,278804299776,52151001088,568090886144,,0.19214001,324.462,5.541173,39.44493,31.664028,45.58,0.92,0.3516,2:1,1375056000.0,0.118
2026-03-18T04:05:19.790340,BAJAJ-AUTO.NS,Bajaj Auto Limited,Auto Manufacturers,Consumer Cyclical,NSE,https://www.bajajauto.com,Pune,2570519576576,1773806717,9205.0,9150.0,9232.5,9136.5,37881,9110.0,95.0,1.0423524,7089.35,10187.0,9591.71,8979.65,320928,279246551,0.59971,0.15890999,64727900160,195646095360,590238384128,,0.15052,1223.784,7.521752,28.952003,23.214466,317.94,2.31,0.66040003,2:1,1283904000.0,0.639
2026-03-18T04:05:19.790340,COALINDIA.NS,Coal India Limited,Thermal Coal,Energy,NSE,https://www.coalindia.in,Kolkata,2820064673792,1773806720,457.6,462.25,462.85,454.05,1077048,462.25,-4.649994,-1.0063833,356.0,476.0,431.914,398.2105,10194082,6162728327,0.63137,0.26042998,365200211968,137861693440,1296029450240,,0.23039,171.077,2.674819,9.446738,8.467454,48.44,4.76,0.547,,,-0.024
2026-03-18T04:05:19.790340,DRREDDY.NS,Dr. Reddy's Laboratories Limited,Drug Manufacturers - Specialty & Generic,Healthcare,NSE,https://www.drreddys.com,Hyderabad,1074959679488,1773806717,1291.1,1283.8,1293.4,1280.1,54595,1283.8,7.2999268,0.5684858,1020.0,1379.7,1252.448,1262.197,1545285,832592130,0.29454002,0.52803004,82588999680,67732000768,345831014400,0.161,0.16363001,447.25,2.8867524,19.011927,23.507015,67.91,0.62,0.1179,5:1,1730073600.0,0.311
2026-03-18T04:05:19.790340,RELIANCE.NS,Reliance Industries Limited,Oil & Gas Refining & Marketing,Energy,NSE,https://www.ril.com,Mumbai,19074018967552,1773806720,1409.5,1397.2,1410.0,1397.2,1124823,1397.6,11.900024,0.8513396,1114.85,1611.8,1416.416,1448.278,13582443,13532472634,0.51049,0.27966,2238710022144,3745930018816,10245479858176,,0.08122,648.12,2.1747515,22.922426,21.50428,61.49,0.39,0.08939999,2:1,1730073600.0,0.205
2026-03-18T04:05:19.790340,TATASTEEL.NS,Tata Steel Limited,Steel,Basic Materials,NSE,https://www.tatasteel.com,Mumbai,2425026248704,1773806720,194.44,196.4,196.43,193.26,4718869,195.43,-0.98999023,-0.5065962,125.3,216.45,196.5688,174.46275,33029495,12471847611,0.35527,0.33645,84856102912,956431269888,2250879270912,,0.04073,76.221,2.551003,0.30763876,11.174713,632.04,1.84,0.0057,10:1,1658966400.0,0.852
2026-03-18T04:05:19.790340,JSWSTEEL.NS,JSW Steel Limited,Steel,Basic Materials,NSE,https://www.jswsteel.in,Mumbai,2855705509888,1773806721,1169.0,1164.3,1172.4,1160.1,168605,1167.2,1.8000488,0.15427227,905.2,1284.7,1212.958,1128.1615,1605732,2440633358,0.64623,0.17241,189329997824,1011070009344,1791089967104,,0.041589998,340.317,3.4350328,38.3782,19.756678,30.46,0.24,0.092,10:1,1483488000.0,0.597
2026-03-18T04:05:19.790340,HCLTECH.NS,HCL Technologies Limited,Information Technology Services,Technology,NSE,https://www.hcltech.com,Noida,3648031293440,1773806717,1348.3,1326.5,1352.9,1326.5,282242,1321.1,27.200073,2.059052,1297.7,1780.1,1533.866,1553.2495,2956946,2705652444,0.62674,0.27354,3492000000,791000000,14480000000,0.23188,0.13024999,276.6193,4.8742085,22.234499,18.338501,60.64,4.09,0.88989997,2:1,1575504000.0,0.155
2026-03-18T04:05:19.790340,TRENT.NS,Trent Limited,Apparel Retail,Consumer Cyclical,NSE,https://trentlimited.com,Mumbai,1315836788736,1773806720,3701.5,3636.0,3720.0,3621.0,127240,3634.5,67.0,1.8434448,3427.9,6261.0,3902.822,4679.053,965384,355487461,0.41904,0.31358,8786899968,23485700096,192631603200,,0.08501001,171.62,21.567999,80.18848,61.48104,46.16,0.14,0.1086,10:1,1473638400.0,0.034
2026-03-18T04:05:19.790340,ASIANPAINT.NS,Asian Paints Limited,Specialty Chemicals,Basic Materials,NSE,https://www.asianpaints.com,Mumbai,2154632314880,1773806717,2247.7,2235.1,2252.2,2228.6,198384,2238.2,9.5,0.424562,2162.6,2985.7,2472.224,2530.1006,1322171,958594309,0.53196996,0.26859,56484900864,35570900992,346495287296,,0.11098,204.34,10.9998045,56.108334,44.16209,40.06,1.12,0.62450004,10:1,1375142400.0,0.127
2026-03-18T04:05:19.790340,M&M.NS,Mahindra & Mahindra Limited,Auto Manufacturers,Consumer Cyclical,NSE,https://www.mahindra.com,Mumbai,3835990900736,1773806721,3195.4,3140.1,3202.9,3140.1,609315,3128.9,66.5,2.1254156,2425.0,3839.9,3459.462,3453.5276,2564440,1200472788,0.25263,0.48923,384669188096,1297657364480,1888898121728,,0.08326,741.994,4.306504,22.847132,21.909063,139.86,0.81,0.18110001,2:1,1513814400.0,0.291
2026-03-18T04:05:19.790340,INFY.NS,Infosys Limited,Information Technology Services,Technology,NSE,https://www.infosys.com,Bengaluru,5089975074816,1773806721,1257.9,1238.0,1260.2,1234.9,1423577,1232.9,25.0,2.0279038,1215.1,1728.0,1468.112,1520.8965,11121780,4046406691,0.16068001,0.49275002,2984999936,978000000,19847000064,0.32683,0.16153999,210.55545,5.9741983,17.65226,16.482023,71.26,3.65,0.6717,2:1,1536019200.0,0.184
2026-03-18T04:05:19.790340,POWERGRID.NS,Power Grid Corporation of India Limited,Utilities - Regulated Electric,Utilities,NSE,https://www.powergrid.in,Gurugram,2818082865152,1773806716,303.0,299.55,304.2,299.35,1179956,298.5,4.5,1.5075377,250.0,322.0,282.025,282.44424,15369147,9300603819,0.52614,0.3509,96366100480,1396777156608,473426100224,,0.32792,106.531,2.8442426,19.44801,16.394978,15.58,4.1,0.5776,4:3,1694476800.0,0.22
2026-03-18T04:05:19.790340,LT.NS,Larsen & Toubro Limited,Engineering & Construction,Industrials,NSE,https://www.larsentoubro.com,Mumbai,4920975032320,1773806720,3577.3,3569.0,3592.0,3555.0,445906,3542.8,34.5,0.9736961,2965.3,4440.0,3985.392,3825.6794,2582375,1375611529,0.16610001,0.48985,631236001792,1340011315200,2827686510592,,0.057490002,736.989,4.8539395,27.969507,22.323198,127.9,0.96,0.2658,3:2,1499904000.0,0.269
2026-03-18T04:05:19.790340,TCS.NS,Tata Consultancy Services Limited,Information Technology Services,Technology,NSE,https://www.tcs.com,Mumbai,8896876904448,1773806721,2459.0,2410.0,2466.0,2410.0,595021,2391.7,67.30005,2.8139002,2360.0,3710.0,2871.16,3081.787,3581003,3618087518,0.71789,0.17117001,567430021120,108210003968,2608020062208,0.42635,0.18295999,313.727,7.838025,18.659887,16.005377,131.78,2.63,0.4701,2:1,1527724800.0,0.199
2026-03-18T04:05:19.790340,INDIGO.NS,InterGlobe Aviation Limited,Airlines,Industrials,NSE,https://www.goindigo.in,Gurugram,1687140433920,1773806722,4363.9,4290.0,4417.5,4290.0,294157,4287.9,76.0,1.77053,4035.0,6232.5,4726.212,5419.3955,1421163,386612998,0.41576,0.44248,496290988032,748138004480,846754021376,,0.03793,223.364,19.537169,52.457024,21.557114,83.19,0.23,0.1205,,,0.606
2026-03-18T04:05:19.790340,SBILIFE.NS,SBI Life Insurance Company Limited,Insurance - Life,Financial Services,NSE,https://www.sbilife.co.in,Mumbai,1950967922688,1773806720,1945.1,1932.0,1950.9,1932.0,80057,1932.1,13.0,0.67284304,1430.55,2132.0,2020.682,1920.554,957660,1003016796,0.58472997,0.2922,19143600128,0,1312575717376,0.13921,0.01889,189.622,10.257776,78.65346,60.973774,24.73,0.14,0.1093,,,0.309
2026-03-18T04:05:19.790340,WIPRO.NS,Wipro Limited,Information Technology Services,Technology,NSE,https://www.wipro.com,Bengaluru,2051309043712,1773806723,195.8,193.0,196.29,192.69,4052572,191.32,4.4599915,2.3309245,188.25,274.7,224.4786,245.68996,14653425,10476552622,0.72789,0.14795,573949018112,198046007296,908918980608,0.15195,0.14594,85.612,2.286829,15.501187,14.530454,12.63,8.89,0.87160003,2:1,1733184000.0,0.365
2026-03-18T04:05:19.790340,BAJFINANCE.NS,Bajaj Finance Limited,Credit Services,Financial Services,NSE,https://www.aboutbajajfinserv.com/finance-about-us,Pune,5447694155776,1773806723,876.35,876.1,893.95,876.1,2137759,868.6,7.75,0.892035,830.715,1102.5,957.633,969.458,7884233,6216345518,0.56042,0.25449,128014401536,3276648742912,412833284096,,0.4368,166.188,5.2732444,30.302557,21.444277,28.92,0.51,0.1519,2:1,1750032000.0,0.134
2026-03-18T04:05:19.790340,ETERNAL.NS,Eternal Limited,Internet Retail,Consumer Cyclical,NSE,https://www.eternal.com,Gurugram,2166048292864,1773806723,237.71,235.8,239.3,234.04,12319310,234.63,3.0800018,1.3127059,194.8,368.45,267.1832,291.4246,48603325,9112145727,0.2775,0.51028,46429999104,33510000640,429050003456,,0.00538,33.193,7.16145,1033.5217,108.40478,0.23,,0.0,,,0.191
2026-03-18T04:05:19.790340,TMPV.NS,Tata Motors Passenger Vehicles Limited,Auto Manufacturers,Consumer Cyclical,NSE,https://www.tatamotors.com,Mumbai,1193642688512,1773806719,324.15,321.0,324.7,319.9,1015999,319.2,4.9499817,1.5502604,306.9,419.0,358.907,367.4281,11879552,3682377563,0.44153,0.2492,469260009472,672579977216,4021130100736,,0.21158001,300.66,1.0781281,30.493885,7.912839,10.63,1.88,0.56439996,,,0.586
2026-03-18T04:05:19.790340,TATACONSUM.NS,Tata Consumer Products Limited,Packaged Foods,Consumer Defensive,NSE,https://www.tataconsumer.com,Mumbai,1069811105792,1773806723,1081.1,1075.6,1082.2,1071.1,114211,1078.0,3.0999756,0.28770074,945.25,1220.9,1144.58,1129.3665,1210205,989557956,0.34395,0.34539002,22917500928,25761099776,194650292224,,0.07542,205.423,5.262799,72.654564,52.52339,14.88,0.77,0.5563,10:1,1277856000.0,0.277
2026-03-18T04:05:19.790340,EICHERMOT.NS,Eicher Motors Limited,Auto Manufacturers,Consumer Cyclical,NSE,https://eicher.in,Chennai,1929389015040,1773806723,7033.5,6984.0,7068.0,6971.0,131443,6910.0,123.5,1.7876529,4999.95,8230.0,7444.58,6730.795,514530,274314204,0.51166,0.28201,48704499712,4457800192,224315392000,,0.23883,805.256,8.734489,36.095146,29.941147,194.86,1.01,0.35900003,10:1,1598227200.0,0.092
2026-03-18T04:05:19.790340,TECHM.NS,Tech Mahindra Limited,Information Technology Services,Technology,NSE,https://www.techmahindra.com,Pune,1211928543232,1773806723,1368.3,1346.8,1371.8,1344.3,187717,1341.8,26.5,1.9748118,1209.4,1854.0,1537.308,1528.8,2083618,885544062,0.36617002,0.43854,72789000192,19544000512,551232995328,,0.08387999,310.382,4.408439,26.283134,18.05519,52.06,3.35,0.86370003,2:1,1426723200.0,0.175
2026-03-18T04:05:19.790340,GRASIM.NS,Grasim Industries Limited,Building Materials,Basic Materials,NSE,https://www.grasim.com,Mumbai,1842377916416,1773806721,2717.0,2699.0,2718.0,2686.7,26604,2683.3,33.69995,1.2563826,2426.0,2979.0,2801.674,2793.96,721279,678092705,0.47872,0.25888002,254070898688,2054033899520,1685968912384,,0.026719999,1468.673,1.8499694,40.826443,23.01238,66.55,0.37,0.15,5:1,1475712000.0,0.17
2026-03-18T04:05:19.790340,MARUTI.NS,Maruti Suzuki India Limited,Auto Manufacturers,Consumer Cyclical,NSE,https://www.marutisuzuki.com,New Delhi,4113957388288,1773806724,13085.0,13100.0,13165.0,13015.0,46068,12972.0,113.0,0.87077135,11059.45,17370.0,14936.02,14866.62,446268,314402574,0.59374,0.28074,76393996288,999000000,1717736046592,,0.08693,3172.502,4.124505,27.560133,22.696913,474.78,1.04,0.2843,,,0.111
2026-03-18T04:05:19.790340,BAJAJFINSV.NS,Bajaj Finserv Ltd.,Financial Conglomerates,Financial Services,NSE,https://www.bajajfinserv.in,Pune,2849934934016,1773806724,1784.0,1773.8,1800.0,1773.8,96072,1774.7,9.300049,0.5239169,1726.1,2195.0,1963.59,2012.9075,1191297,1597497155,0.64067,0.1433,127543697408,3224357830656,1470303567872,,0.06583,480.6,3.7120266,29.743248,21.873783,59.98,0.06,0.0167,5:1,1663027200.0,0.207
2026-03-18T04:05:19.790340,NTPC.NS,NTPC Limited,Utilities - Regulated Electric,Utilities,NSE,https://www.ntpc.co.in,New Delhi,3730792513536,1773806724,384.75,385.0,386.35,384.0,360781,383.35,1.3999939,0.36524755,315.55,394.5,362.56,341.06024,11738149,9696666134,0.53295,0.38889,80008798208,2548760313856,1875305562112,,0.12892,198.221,1.9410154,21.303988,14.319678,18.06,2.96,0.4758,6:5,1552953600.0,0.283
2026-03-18T04:05:19.790340,SBIN.NS,State Bank of India,Banks - Regional,Financial Services,NSE,https://sbi.bank.in,Mumbai,9885068558336,1773806719,1070.9,1067.5,1072.7,1064.2,660487,1064.7,6.2000732,0.58227587,730.0,1234.7,1107.038,935.2785,12760674,9230617586,0.5692,0.28433,3133929684992,6853875990528,3700534018048,,0.22498,641.361,1.6697304,11.65542,11.528399,91.88,1.49,0.1731,10:1,1416441600.0,0.301
2026-03-18T04:05:19.790340,JIOFIN.NS,Jio Financial Services Limited,Asset Management,Financial Services,NSE,https://www.jfs.in,Mumbai,1547942887424,1773806724,243.65,238.9,244.4,237.95,2597846,237.6,6.049988,2.5468268,203.1,338.6,261.529,297.0395,12476098,6353141623,0.48269,0.21843,8100599808,105062096896,25062899712,,0.6403,213.244,1.1425878,96.68651,67.68056,2.52,0.21,0.1976,,,0.485
2026-03-18T04:05:19.790340,HDFCLIFE.NS,HDFC Life Insurance Company Limited,Insurance - Life,Financial Services,NSE,https://www.hdfclife.com,Mumbai,1390343225344,1773806725,644.55,642.45,645.35,640.2,180760,642.3,2.25,0.35035813,617.2,820.75,710.079,751.278,2978979,2157076016,0.55971,0.28125998,5884100096,30990000128,1041531994112,0.11316,0.01815,81.65,7.8940597,73.74714,57.839596,8.74,0.33,0.23969999,,,0.48
2026-03-18T04:05:19.790340,HDFCBANK.NS,HDFC Bank Limited,Banks - Regional,Financial Services,NSE,https://www.hdfc.bank.in,Mumbai,12877818757120,1773806726,836.75,845.35,845.35,835.15,4921819,845.35,-8.599976,-1.0173272,812.0,1020.5,908.28,966.9158,30327532,15390282463,0.0015700001,0.56122,1922102460416,6158335082496,2845330898944,0.14015001,0.26187,367.242,2.2784703,18.677456,14.99552,44.8,1.3,0.2176,2:1,1756166400.0,0.364
2026-03-18T04:05:19.790340,AXISBANK.NS,Axis Bank Limited,Banks - Regional,Financial Services,NSE,https://www.axis.bank.in,Mumbai,3876883529728,1773806725,1247.3,1228.0,1248.5,1224.2,778091,1228.1,19.200073,1.563524,1032.35,1418.3,1321.164,1213.603,6472981,3107393185,0.02632,0.69497,453789089792,2614195126272,768435683328,0.13625,0.3417,666.704,1.8708453,14.804749,12.297628,84.25,0.08,0.0119,5:1,1406505600.0,0.311
2026-03-18T04:05:19.790340,TITAN.NS,Titan Company Limited,Luxury Goods,Consumer Cyclical,NSE,https://www.titancompany.in,Bengaluru,3653295931392,1773806725,4118.5,4083.7,4124.0,4077.8,93430,4090.5,28.0,0.684446,2925.0,4378.4,4165.28,3780.0505,909862,887045260,0.58814,0.19819,34639998976,285529997312,755800014848,,0.06306,144.377,28.526012,76.85203,58.866974,53.59,0.27,0.2048,10:1,1308787200.0,0.152
2026-03-18T04:05:19.790340,KOTAKBANK.NS,Kotak Mahindra Bank Limited,Banks - Regional,Financial Services,NSE,https://www.kotak.bank.in,Mumbai,3723592204288,1773806725,374.4,375.0,376.0,373.1,670944,374.2,0.19998169,0.053471036,363.4,460.38,413.6298,418.13696,16221901,9945492975,0.28768,0.47122002,639209373696,827000291328,765436690432,,0.24558,169.003,2.2153451,19.809525,17.342936,18.9,0.13,0.026500002,5:1,1768348800.0,0.143
2026-03-18T04:05:19.790340,ADANIENT.NS,Adani Enterprises Limited,Thermal Coal,Energy,NSE,https://www.adanienterprises.com,Ahmedabad,2755735846912,1773806724,2023.4,1988.9,2026.5,1982.2,242456,1975.4,48.0,2.4303796,1848.0,2695.0,2107.346,2340.4146,1434462,1154180729,0.77475,0.15032,120686002176,1094649315328,949951594496,,0.14111,445.61,4.540742,18.291449,47.039406,110.62,0.06,0.0114,2:1,1260403200.0,0.396
2026-03-18T04:05:19.790340,APOLLOHOSP.NS,Apollo Hospitals Enterprise Limited,Medical Care Facilities,Healthcare,NSE,https://www.apollohospitals.com,Chennai,1089312522240,1773806726,7576.0,7511.5,7605.0,7511.5,82685,7500.0,76.0,1.0129281,6227.1,8099.5,7361.3,7440.335,423353,143784657,0.28382,0.44397,31439998976,79872000000,242151997440,,0.07441,632.453,11.978756,60.487026,45.464096,125.25,0.27,0.1516,2:1,1283385600.0,0.129
2026-03-18T04:05:19.790340,ADANIPORTS.NS,Adani Ports and Special Economic Zone Limited,Marine Shipping,Industrials,NSE,https://www.adaniports.com,Ahmedabad,3202272722944,1773806726,1389.9,1367.1,1391.6,1367.1,227525,1365.5,24.400024,1.786893,1041.5,1584.0,1460.288,1435.352,2413997,2303959098,0.68052,0.20412001,111290802176,568506974208,364866306048,0.19407,0.34236,310.464,4.4768476,24.063366,19.919882,57.76,0.51,0.121300004,5:1,1285200000.0,0.215
2026-03-18T04:05:19.790340,ULTRACEMCO.NS,UltraTech Cement Limited,Building Materials,Basic Materials,NSE,https://www.ultratechcement.com,Mumbai,3312103718912,1773806720,11259.0,11124.0,11277.0,11116.0,16016,11116.0,143.0,1.2860869,10573.0,13110.0,12382.58,12170.11,275795,294137690,0.606,0.21872999,36805300224,252149104640,857753780224,,0.08936,2448.889,4.597595,43.285534,29.123278,260.11,0.7,0.2976,,,0.371
2026-03-18T04:05:19.790340,MAXHEALTH.NS,Max Healthcare Institute Limited,Medical Care Facilities,Healthcare,NSE,https://www.maxhealthcare.in,Gurugram,961725661184,1773806725,987.5,984.2,989.3,976.4,124378,976.4,11.099976,1.1374091,933.8,1314.3,1030.786,1136.2395,2967824,973092775,0.26512,0.51818,4970200064,32750200832,81403002880,,0.17434,102.713,9.614168,67.869415,46.662224,14.55,0.15,0.103199996,,,0.012
2026-03-18T04:05:19.790340,HINDUNILVR.NS,Hindustan Unilever Limited,Household & Personal Products,Consumer Defensive,NSE,https://www.hul.co.in,Mumbai,5084784099328,1773806724,2163.8,2165.0,2175.0,2157.9,56861,2158.2,5.6000977,0.25962436,2109.3,2750.0,2333.992,2429.478,1492964,2349591262,0.62264997,0.19507,82460000256,17749999616,651000020992,,0.22292,207.383,10.433835,50.379513,43.93929,42.95,1.99,0.9991,10:1,963187200.0,0.28
2026-03-18T04:05:19.790340,CIPLA.NS,Cipla Limited,Drug Manufacturers - Specialty & Generic,Healthcare,NSE,https://www.cipla.com,Mumbai,1036382633984,1773806724,1283.0,1282.0,1284.1,1276.8,141784,1281.9,1.0999756,0.08579484,1275.6,1673.0,1349.624,1483.104,1757240,807780677,0.3096,0.42549,106022404096,4673699840,279671898112,,0.16256,407.531,3.1482267,22.796732,22.90727,56.28,1.01,0.23110001,5:2,1145836800.0,-0.042
2026-03-18T04:17:49.858423,HINDALCO.NS,Hindalco Industries Limited,Aluminum,Basic Materials,NSE,https://www.hindalco.com,Mumbai,2080593805312,1773807466,930.55,932.9,934.05,923.6,701743,936.65,-6.1000366,-0.65153927,546.45,1029.8,940.201,803.27,6666380,2235875391,0.36765,0.40492,252580003840,776500019200,2617010028544,,0.06143,607.505,1.5317569,12.868898,11.400611,72.31,0.53,0.0692,10:1,1125360000.0,0.84
2026-03-18T04:17:49.858423,ICICIBANK.NS,ICICI Bank Limited,Banks - Regional,Financial Services,NSE,https://www.icici.bank.in,Mumbai,9124219715584,1773807466,1274.8,1286.0,1290.1,1274.0,1536105,1288.7,-13.899902,-1.0782642,1240.1,1500.0,1372.298,1393.1235,14397602,7157373013,0.030150002,0.56025004,1793773404160,2154355490816,1924702535680,0.16798,0.27513,487.636,2.6142452,17.415302,16.029968,73.2,0.85,0.15020001,11:10,1497916800.0,0.177
2026-03-18T04:17:49.858423,BHARTIARTL.NS,Bharti Airtel Limited,Telecom Services,Communication Services,NSE,https://www.airtel.in,New Delhi,11236328603648,1773807466,1844.6,1826.8,1851.8,1826.8,694683,1827.0,17.599976,0.9633265,1627.5,2174.5,1959.78,1982.361,7184814,5699361104,0.51323,0.3382,276804009984,1979059011584,2034658050048,0.23125,0.14937,204.916,9.001738,36.447342,27.588406,50.61,0.88,0.31620002,2:1,1248393600.0,-0.061
2026-03-18T04:17:49.858423,SHRIRAMFIN.NS,Shriram Finance Limited,Credit Services,Financial Services,NSE,https://shriramfinance.in,Mumbai,1927060914176,1773807469,1024.2,1013.3,1028.9,1011.1,765501,1004.6,19.599976,1.9504404,566.5,1108.0,1024.592,796.4535,7512467,1881528126,0.27558002,0.48223,119792803840,1691345485824,199077298176,,0.45946997,322.11,3.1796591,21.065405,17.394772,48.62,1.46,0.21200001,5:1,1736467200.0,0.513
2026-03-18T04:17:49.858423,ONGC.NS,Oil and Natural Gas Corporation Limited,Oil & Gas Integrated,Energy,NSE,https://www.ongcindia.com,New Delhi,3343838085120,1773807466,265.8,265.15,266.0,263.6,1427825,264.75,1.0499878,0.39667085,205.0,293.0,263.1146,247.34566,19047822,12580279206,0.69208,0.22935,502678290432,1760177946624,6559959089152,,0.057979997,292.589,0.90844154,8.79259,7.230233,30.23,6.99,0.4051,3:2,1481760000.0,0.217
2026-03-18T04:17:49.858423,BEL.NS,Bharat Electronics Limited,Aerospace & Defense,Industrials,NSE,https://www.bel-india.in,Bengaluru,3244079710208,1773807466,443.8,445.45,446.25,440.5,4022962,439.35,4.4499817,1.0128558,256.2,473.45,435.411,409.98526,20151559,7309778829,0.53198004,0.26386,81165197312,588899968,265352708096,,0.22475,29.476,15.056316,54.320683,45.124325,8.17,0.99,0.2941,3:1,1663200000.0,0.205
2026-03-18T04:17:49.858423,NESTLEIND.NS,Nestlé India Limited,Packaged Foods,Consumer Defensive,NSE,https://www.nestle.in,Gurugram,2329211043840,1773807466,1207.9,1206.0,1213.3,1206.0,64739,1206.9,1.0,0.08285004,1074.0,1340.4,1287.124,1231.4962,1086927,1928314320,0.62918997,0.16900998,3658899968,4768500224,218577698816,,0.14922,22.996,52.526527,71.47337,61.049236,16.9,1.58,0.7168,2:1,1754611200.0,0.258
2026-03-18T04:17:49.858423,ITC.NS,ITC Limited,Tobacco,Consumer Defensive,NSE,https://www.itcportal.com,Kolkata,3813271142400,1773807466,304.35,305.9,306.35,304.3,1736575,304.85,-0.5,-0.1639882,300.65,444.2,320.113,385.5535,28262771,12529229381,0.27313,0.50240004,185599197184,3629700096,798087184384,,0.43890998,56.707,5.367062,18.72923,18.111166,16.25,4.71,0.8825,3:2,1467331200.0,-0.241
2026-03-18T04:17:49.858423,SUNPHARMA.NS,Sun Pharmaceutical Industries Limited,Drug Manufacturers - Specialty & Generic,Healthcare,NSE,https://sunpharma.com,Mumbai,4312564498432,1773807469,1797.4,1799.6,1805.0,1792.2,444171,1794.4,3.0,0.1671868,1548.0,1851.2,1713.174,1692.2285,2540996,2399334970,0.55615,0.28722,278804299776,52151001088,568090886144,,0.19214001,324.462,5.539632,39.43396,31.655222,45.58,0.92,0.3516,2:1,1375056000.0,0.118
2026-03-18T04:17:49.858423,BAJAJ-AUTO.NS,Bajaj Auto Limited,Auto Manufacturers,Consumer Cyclical,NSE,https://www.bajajauto.com,Pune,2573451919360,1773807467,9215.5,9150.0,9232.5,9136.5,46353,9110.0,105.5,1.1580681,7089.35,10187.0,9591.71,8979.65,320928,279246551,0.59971,0.15890999,64727900160,195646095360,590238384128,,0.15052,1223.784,7.5303316,28.98503,23.240948,317.94,2.31,0.66040003,2:1,1283904000.0,0.639
2026-03-18T04:17:49.858423,COALINDIA.NS,Coal India Limited,Thermal Coal,Energy,NSE,https://www.coalindia.in,Kolkata,2806814867456,1773807467,455.45,462.25,462.85,454.05,1297942,462.25,-6.799988,-1.4707447,356.0,476.0,431.914,398.2105,10194082,6162728327,0.63137,0.26042998,365200211968,137861693440,1296029450240,,0.23039,171.077,2.6622517,9.402354,8.4276705,48.44,4.76,0.547,,,-0.024
2026-03-18T04:17:49.858423,DRREDDY.NS,Dr. Reddy's Laboratories Limited,Drug Manufacturers - Specialty & Generic,Healthcare,NSE,https://www.drreddys.com,Hyderabad,1075875479552,1773807467,1292.2,1283.8,1294.9,1280.1,70460,1283.8,8.399902,0.65419793,1020.0,1379.7,1252.448,1262.197,1545285,832592130,0.29454002,0.52803004,82588999680,67732000768,345831014400,0.161,0.16363001,447.25,2.8892117,19.028124,23.527042,67.91,0.62,0.1179,5:1,1730073600.0,0.311
2026-03-18T04:17:49.858423,RELIANCE.NS,Reliance Industries Limited,Oil & Gas Refining & Marketing,Energy,NSE,https://www.ril.com,Mumbai,19078081150976,1773807470,1409.8,1397.2,1410.0,1397.2,1386451,1397.6,12.200073,0.8729303,1114.85,1611.8,1416.416,1448.278,13582443,13532472634,0.51049,0.27966,2238710022144,3745930018816,10245479858176,,0.08122,648.12,2.1752145,22.927305,21.508858,61.49,0.39,0.08939999,2:1,1730073600.0,0.205
2026-03-18T04:17:49.858423,TATASTEEL.NS,Tata Steel Limited,Steel,Basic Materials,NSE,https://www.tatasteel.com,Mumbai,2421159886848,1773807470,194.13,196.4,196.43,193.26,6745899,195.43,-1.2999878,-0.6652617,125.3,216.45,196.5688,174.46275,33029495,12471847611,0.35527,0.33645,84856102912,956431269888,2250879270912,,0.04073,76.221,2.546936,0.3071483,11.156898,632.04,1.84,0.0057,10:1,1658966400.0,0.852
2026-03-18T04:17:49.858423,JSWSTEEL.NS,JSW Steel Limited,Steel,Basic Materials,NSE,https://www.jswsteel.in,Mumbai,2852041261056,1773807469,1167.5,1164.3,1172.4,1160.1,243836,1167.2,0.30004883,0.025693513,905.2,1284.7,1212.958,1128.1615,1605732,2440633358,0.64623,0.17241,189329997824,1011070009344,1791089967104,,0.041589998,340.317,3.4306252,38.328957,19.731327,30.46,0.24,0.092,10:1,1483488000.0,0.597
2026-03-18T04:17:49.858423,HCLTECH.NS,HCL Technologies Limited,Information Technology Services,Technology,NSE,https://www.hcltech.com,Noida,3656148320256,1773807471,1351.3,1326.5,1354.0,1326.5,385820,1321.1,30.200073,2.2854605,1297.7,1780.1,1533.866,1553.2495,2956946,2705652444,0.62674,0.27354,3492000000,791000000,14480000000,0.23188,0.13024999,276.6193,4.8850536,22.283972,18.379303,60.64,4.09,0.88989997,2:1,1575504000.0,0.155
2026-03-18T04:17:49.858423,TRENT.NS,Trent Limited,Apparel Retail,Consumer Cyclical,NSE,https://trentlimited.com,Mumbai,1309260251136,1773807470,3683.0,3636.0,3720.0,3621.0,164417,3634.5,48.5,1.3347278,3427.9,6261.0,3902.822,4679.053,965384,355487461,0.41904,0.31358,8786899968,23485700096,192631603200,,0.08501001,171.62,21.460203,79.7877,61.17376,46.16,0.14,0.1086,10:1,1473638400.0,0.034
2026-03-18T04:17:49.858423,ASIANPAINT.NS,Asian Paints Limited,Specialty Chemicals,Basic Materials,NSE,https://www.asianpaints.com,Mumbai,2152906883072,1773807467,2245.9,2235.1,2252.2,2228.6,212283,2238.2,7.699951,0.34403962,2162.6,2985.7,2472.224,2530.1006,1322171,958594309,0.53196996,0.26859,56484900864,35570900992,346495287296,,0.11098,204.34,10.990995,56.0634,44.126724,40.06,1.12,0.62450004,10:1,1375142400.0,0.127
2026-03-18T04:17:49.858423,M&M.NS,Mahindra & Mahindra Limited,Auto Manufacturers,Consumer Cyclical,NSE,https://www.mahindra.com,Mumbai,3820384681984,1773807471,3182.4,3140.1,3202.9,3140.1,744468,3128.9,53.5,1.7098662,2425.0,3839.9,3459.462,3453.5276,2564440,1200472788,0.25263,0.48923,384669188096,1297657364480,1888898121728,,0.08326,741.994,4.2889833,22.754183,21.81993,139.86,0.81,0.18110001,2:1,1513814400.0,0.291
2026-03-18T04:17:49.858423,INFY.NS,Infosys Limited,Information Technology Services,Technology,NSE,https://www.infosys.com,Bengaluru,5139745734656,1773807472,1270.2,1238.0,1272.5,1234.9,2042445,1232.9,37.299927,3.0253813,1215.1,1728.0,1468.112,1520.8965,11121780,4046406691,0.16068001,0.49275002,2984999936,978000000,19847000064,0.32683,0.16153999,210.55545,6.0326147,17.824865,16.643187,71.26,3.65,0.6717,2:1,1536019200.0,0.184
2026-03-18T04:17:49.858423,POWERGRID.NS,Power Grid Corporation of India Limited,Utilities - Regulated Electric,Utilities,NSE,https://www.powergrid.in,Gurugram,2813897474048,1773807466,302.55,299.55,304.2,299.35,1345808,298.5,4.049988,1.3567798,250.0,322.0,282.025,282.44424,15369147,9300603819,0.52614,0.3509,96366100480,1396777156608,473426100224,,0.32792,106.531,2.8400183,19.419127,16.370628,15.58,4.1,0.5776,4:3,1694476800.0,0.22
2026-03-18T04:17:49.858423,LT.NS,Larsen & Toubro Limited,Engineering & Construction,Industrials,NSE,https://www.larsentoubro.com,Mumbai,4937757491200,1773807471,3589.5,3569.0,3604.9,3555.0,651733,3542.8,46.69995,1.3180907,2965.3,4440.0,3985.392,3825.6794,2582375,1375611529,0.16610001,0.48985,631236001792,1340011315200,2827686510592,,0.057490002,736.989,4.8704934,28.064894,22.399328,127.9,0.96,0.2658,3:2,1499904000.0,0.269
2026-03-18T04:17:49.858423,TCS.NS,Tata Consultancy Services Limited,Information Technology Services,Technology,NSE,https://www.tcs.com,Mumbai,8900495540224,1773807472,2460.0,2410.0,2466.0,2410.0,714235,2391.7,68.30005,2.8557115,2360.0,3710.0,2871.16,3081.787,3581003,3618087518,0.71789,0.17117001,567430021120,108210003968,2608020062208,0.42635,0.18295999,313.727,7.8412127,18.667477,16.011885,131.78,2.63,0.4701,2:1,1527724800.0,0.199
2026-03-18T04:17:49.858423,INDIGO.NS,InterGlobe Aviation Limited,Airlines,Industrials,NSE,https://www.goindigo.in,Gurugram,1682578472960,1773807471,4352.1,4290.0,4417.5,4290.0,366359,4287.9,64.200195,1.497765,4035.0,6232.5,4726.212,5419.3955,1421163,386612998,0.41576,0.44248,496290988032,748138004480,846754021376,,0.03793,223.364,19.48434,52.31518,21.498825,83.19,0.23,0.1205,,,0.606
2026-03-18T04:17:49.858423,SBILIFE.NS,SBI Life Insurance Company Limited,Insurance - Life,Financial Services,NSE,https://www.sbilife.co.in,Mumbai,1952071155712,1773807469,1946.2,1932.0,1950.9,1932.0,99274,1932.1,14.099976,0.72962356,1430.55,2132.0,2020.682,1920.554,957660,1003016796,0.58472997,0.2922,19143600128,0,1312575717376,0.13921,0.01889,189.622,10.263577,78.69794,61.008255,24.73,0.14,0.1093,,,0.309
2026-03-18T04:17:49.858423,WIPRO.NS,Wipro Limited,Information Technology Services,Technology,NSE,https://www.wipro.com,Bengaluru,2054766723072,1773807472,196.11,193.0,196.55,192.69,5099341,191.32,4.7899933,2.5036552,188.25,274.7,224.4786,245.68996,14653425,10476552622,0.72789,0.14795,573949018112,198046007296,908918980608,0.15195,0.14594,85.612,2.2906835,15.527316,14.554946,12.63,8.89,0.87160003,2:1,1733184000.0,0.365
2026-03-18T04:17:49.858423,BAJFINANCE.NS,Bajaj Finance Limited,Credit Services,Financial Services,NSE,https://www.aboutbajajfinserv.com/finance-about-us,Pune,5429977939968,1773807472,873.5,876.1,893.95,873.0,2550684,868.6,4.9000244,0.564129,830.715,1102.5,957.633,969.458,7884233,6216345518,0.56042,0.25449,128014401536,3276648742912,412833284096,,0.4368,166.188,5.2560954,30.204012,21.374538,28.92,0.51,0.1519,2:1,1750032000.0,0.134
2026-03-18T04:17:49.858423,ETERNAL.NS,Eternal Limited,Internet Retail,Consumer Cyclical,NSE,https://www.eternal.com,Gurugram,2177893924864,1773807472,239.01,235.8,239.3,234.04,15109316,234.63,4.3799896,1.8664463,194.8,368.45,267.1832,291.4246,48603325,9112145727,0.2775,0.51028,46429999104,33510000640,429050003456,,0.00538,33.193,7.2006145,1039.1738,108.99763,0.23,,0.0,,,0.191
2026-03-18T04:17:49.858423,TMPV.NS,Tata Motors Passenger Vehicles Limited,Auto Manufacturers,Consumer Cyclical,NSE,https://www.tatamotors.com,Mumbai,1196772687872,1773807469,325.0,321.0,325.35,319.9,1548005,319.2,5.799988,1.8167542,306.9,419.0,358.907,367.4281,11879552,3682377563,0.44153,0.2492,469260009472,672579977216,4021130100736,,0.21158001,300.66,1.0809553,30.573847,7.9335885,10.63,1.88,0.56439996,,,0.586
2026-03-18T04:17:49.858423,TATACONSUM.NS,Tata Consumer Products Limited,Packaged Foods,Consumer Defensive,NSE,https://www.tataconsumer.com,Mumbai,1064764375040,1773807470,1076.0,1075.6,1082.2,1071.1,162586,1078.0,-2.0,-0.18544275,945.25,1220.9,1144.58,1129.3665,1210205,989557956,0.34395,0.34539002,22917500928,25761099776,194650292224,,0.07542,205.423,5.2379723,72.31183,52.275616,14.88,0.77,0.5563,10:1,1277856000.0,0.277
2026-03-18T04:17:49.858423,EICHERMOT.NS,Eicher Motors Limited,Auto Manufacturers,Consumer Cyclical,NSE,https://eicher.in,Chennai,1926508707840,1773807473,7023.0,6984.0,7068.0,6971.0,159877,6910.0,113.0,1.6344832,4999.95,8230.0,7444.58,6730.795,514530,274314204,0.51166,0.28201,48704499712,4457800192,224315392000,,0.23883,805.256,8.72145,36.04126,29.896448,194.86,1.01,0.35900003,10:1,1598227200.0,0.092
2026-03-18T04:17:49.858423,TECHM.NS,Tech Mahindra Limited,Information Technology Services,Technology,NSE,https://www.techmahindra.com,Pune,1213611245568,1773807473,1370.2,1346.8,1377.7,1344.3,288918,1341.8,28.399902,2.1165526,1209.4,1854.0,1537.308,1528.8,2083618,885544062,0.36617002,0.43854,72789000192,19544000512,551232995328,,0.08387999,310.382,4.4145603,26.31963,18.08026,52.06,3.35,0.86370003,2:1,1426723200.0,0.175
2026-03-18T04:17:49.858423,GRASIM.NS,Grasim Industries Limited,Building Materials,Basic Materials,NSE,https://www.grasim.com,Mumbai,1840343678976,1773807474,2714.0,2699.0,2720.8,2686.7,35643,2683.3,30.699951,1.1438134,2426.0,2979.0,2801.674,2793.96,721279,678092705,0.47872,0.25888002,254070898688,2054033899520,1685968912384,,0.026719999,1468.673,1.8479267,40.781364,22.98697,66.55,0.37,0.15,5:1,1475712000.0,0.17
2026-03-18T04:17:49.858423,MARUTI.NS,Maruti Suzuki India Limited,Auto Manufacturers,Consumer Cyclical,NSE,https://www.marutisuzuki.com,New Delhi,4121188630528,1773807467,13108.0,13100.0,13165.0,13015.0,59058,12972.0,136.0,1.0484928,11059.45,17370.0,14936.02,14866.62,446268,314402574,0.59374,0.28074,76393996288,999000000,1717736046592,,0.08693,3172.502,4.131755,27.608576,22.736807,474.78,1.04,0.2843,,,0.111
2026-03-18T04:17:49.858423,BAJAJFINSV.NS,Bajaj Finserv Ltd.,Financial Conglomerates,Financial Services,NSE,https://www.bajajfinserv.in,Pune,2844663218176,1773807473,1780.7,1773.8,1800.0,1773.8,117291,1774.7,6.0,0.33808532,1726.1,2195.0,1963.59,2012.9075,1191297,1597497155,0.64067,0.1433,127543697408,3224357830656,1470303567872,,0.06583,480.6,3.7051601,29.688229,21.83332,59.98,0.06,0.0167,5:1,1663027200.0,0.207
2026-03-18T04:17:49.858423,NTPC.NS,NTPC Limited,Utilities - Regulated Electric,Utilities,NSE,https://www.ntpc.co.in,New Delhi,3721580511232,1773807473,383.8,385.0,386.35,383.8,546154,383.35,0.4499817,0.11725906,315.55,394.5,362.56,341.06024,11738149,9696666134,0.53295,0.38889,80008798208,2548760313856,1875305562112,,0.12892,198.221,1.9362227,21.251385,14.284321,18.06,2.96,0.4758,6:5,1552953600.0,0.283
2026-03-18T04:17:49.858423,SBIN.NS,State Bank of India,Banks - Regional,Financial Services,NSE,https://sbi.bank.in,Mumbai,9837068943360,1773807468,1065.7,1067.5,1072.7,1064.2,878119,1064.7,1.0,0.09390553,730.0,1234.7,1107.038,935.2785,12760674,9230617586,0.5692,0.28433,3133929684992,6853875990528,3700534018048,,0.22498,641.361,1.6616225,11.5988245,11.47242,91.88,1.49,0.1731,10:1,1416441600.0,0.301
2026-03-18T04:17:49.858423,JIOFIN.NS,Jio Financial Services Limited,Asset Management,Financial Services,NSE,https://www.jfs.in,Mumbai,1551119548416,1773807475,244.15,238.9,244.9,237.95,3608155,237.6,6.549988,2.756729,203.1,338.6,261.529,297.0395,12476098,6353141623,0.48269,0.21843,8100599808,105062096896,25062899712,,0.6403,213.244,1.1449325,96.88492,67.81944,2.52,0.21,0.1976,,,0.485
2026-03-18T04:17:49.858423,HDFCLIFE.NS,HDFC Life Insurance Company Limited,Insurance - Life,Financial Services,NSE,https://www.hdfclife.com,Mumbai,1388941279232,1773807474,643.9,642.45,645.7,640.2,235774,642.3,1.6000366,0.24911049,617.2,820.75,710.079,751.278,2978979,2157076016,0.55971,0.28125998,5884100096,30990000128,1041531994112,0.11316,0.01815,81.65,7.8860993,73.672775,57.78127,8.74,0.33,0.23969999,,,0.48
2026-03-18T04:17:49.858423,HDFCBANK.NS,HDFC Bank Limited,Banks - Regional,Financial Services,NSE,https://www.hdfc.bank.in,Mumbai,12878588411904,1773807474,836.8,845.35,845.35,835.15,5863959,845.35,-8.549988,-1.0116533,812.0,1020.5,908.28,966.9158,30327532,15390282463,0.0015700001,0.56122,1922102460416,6158335082496,2845330898944,0.14015001,0.26187,367.242,2.2786064,18.678572,14.996416,44.8,1.3,0.2176,2:1,1756166400.0,0.364
2026-03-18T04:17:49.858423,AXISBANK.NS,Axis Bank Limited,Banks - Regional,Financial Services,NSE,https://www.axis.bank.in,Mumbai,3868801892352,1773807467,1244.3,1228.0,1248.7,1224.2,1040781,1228.1,16.599976,1.3514594,1032.35,1418.3,1321.164,1213.603,6472981,3107393185,0.02632,0.69497,453789089792,2614195126272,768435683328,0.13625,0.3417,666.704,1.8669454,14.773887,12.271993,84.25,0.08,0.0119,5:1,1406505600.0,0.311
2026-03-18T04:17:49.858423,TITAN.NS,Titan Company Limited,Luxury Goods,Consumer Cyclical,NSE,https://www.titancompany.in,Bengaluru,3647263997952,1773807474,4111.7,4083.7,4124.0,4077.8,115360,4090.5,21.200195,0.5182662,2925.0,4378.4,4165.28,3780.0505,909862,887045260,0.58814,0.19819,34639998976,285529997312,755800014848,,0.06306,144.377,28.478914,76.725136,58.769783,53.59,0.27,0.2048,10:1,1308787200.0,0.152
2026-03-18T04:17:49.858423,KOTAKBANK.NS,Kotak Mahindra Bank Limited,Banks - Regional,Financial Services,NSE,https://www.kotak.bank.in,Mumbai,3716133158912,1773807474,373.65,375.0,376.0,373.1,1021028,374.2,-0.5500183,-0.14700475,363.4,460.38,413.6298,418.13696,16221901,9945492975,0.28768,0.47122002,639209373696,827000291328,765436690432,,0.24558,169.003,2.2109075,19.769842,17.308195,18.9,0.13,0.026500002,5:1,1768348800.0,0.143
2026-03-18T04:17:49.858423,ADANIENT.NS,Adani Enterprises Limited,Thermal Coal,Energy,NSE,https://www.adanienterprises.com,Ahmedabad,2747155611648,1773807473,2017.1,1988.9,2027.0,1982.2,296662,1975.4,41.69995,2.1106417,1848.0,2695.0,2107.346,2340.4146,1434462,1154180729,0.77475,0.15032,120686002176,1094649315328,949951594496,,0.14111,445.61,4.526604,18.234495,46.892944,110.62,0.06,0.0114,2:1,1260403200.0,0.396
2026-03-18T04:17:49.858423,APOLLOHOSP.NS,Apollo Hospitals Enterprise Limited,Medical Care Facilities,Healthcare,NSE,https://www.apollohospitals.com,Chennai,1088593657856,1773807471,7571.0,7511.5,7605.0,7511.5,90861,7500.0,71.0,0.9464143,6227.1,8099.5,7361.3,7440.335,423353,143784657,0.28382,0.44397,31439998976,79872000000,242151997440,,0.07441,632.453,11.97085,60.447105,45.43409,125.25,0.27,0.1516,2:1,1283385600.0,0.129
2026-03-18T04:17:49.858423,ADANIPORTS.NS,Adani Ports and Special Economic Zone Limited,Marine Shipping,Industrials,NSE,https://www.adaniports.com,Ahmedabad,3198816878592,1773807473,1388.4,1367.1,1391.9,1367.1,283710,1365.5,22.900024,1.6769204,1041.5,1584.0,1460.288,1435.352,2413997,2303959098,0.68052,0.20412001,111290802176,568506974208,364866306048,0.19407,0.34236,310.464,4.4720163,24.037397,19.898384,57.76,0.51,0.121300004,5:1,1285200000.0,0.215
2026-03-18T04:17:49.858423,ULTRACEMCO.NS,UltraTech Cement Limited,Building Materials,Basic Materials,NSE,https://www.ultratechcement.com,Mumbai,3312986357760,1773807470,11262.0,11124.0,11287.0,11116.0,21465,11116.0,146.0,1.3131858,10573.0,13110.0,12382.58,12170.11,275795,294137690,0.606,0.21872999,36805300224,252149104640,857753780224,,0.08936,2448.889,4.59882,43.29707,29.131039,260.11,0.7,0.2976,,,0.371
2026-03-18T04:17:49.858423,MAXHEALTH.NS,Max Healthcare Institute Limited,Medical Care Facilities,Healthcare,NSE,https://www.maxhealthcare.in,Gurugram,954908344320,1773807474,980.5,984.2,989.4,976.4,180356,976.4,4.0999756,0.41990736,933.8,1314.3,1030.786,1136.2395,2967824,973092775,0.26512,0.51818,4970200064,32750200832,81403002880,,0.17434,102.713,9.546017,67.38831,46.33145,14.55,0.15,0.103199996,,,0.012
2026-03-18T04:17:49.858423,HINDUNILVR.NS,Hindustan Unilever Limited,Household & Personal Products,Consumer Defensive,NSE,https://www.hul.co.in,Mumbai,5080554143744,1773807474,2162.0,2165.0,2175.0,2157.5,74628,2158.2,3.8000488,0.17600967,2109.3,2750.0,2333.992,2429.478,1492964,2349591262,0.62264997,0.19507,82460000256,17749999616,651000020992,,0.22292,207.383,10.425156,50.3376,43.902737,42.95,1.99,0.9991,10:1,963187200.0,0.28
2026-03-18T04:17:49.858423,CIPLA.NS,Cipla Limited,Drug Manufacturers - Specialty & Generic,Healthcare,NSE,https://www.cipla.com,Mumbai,1039048310784,1773807476,1286.8,1282.0,1289.1,1276.8,212576,1281.9,4.4000244,0.34310856,1275.6,1673.0,1349.624,1483.104,1757240,807780677,0.3096,0.42549,106022404096,4673699840,279671898112,,0.16256,407.531,3.1563244,22.855368,22.96619,56.28,1.01,0.23110001,5:2,1145836800.0,-0.042
2026-03-18T04:40:11.005293,HINDALCO.NS,Hindalco Industries Limited,Aluminum,Basic Materials,NSE,https://www.hindalco.com,Mumbai,2066060541952,1773808805,924.05,932.9,934.05,923.0,997266,936.65,-12.600037,-1.3445058,546.45,1029.8,940.201,803.27,6666380,2235875391,0.36765,0.40492,252580003840,776500019200,2617010028544,,0.06143,607.505,1.5210574,12.779007,11.320976,72.31,0.53,0.0692,10:1,1125360000.0,0.84
2026-03-18T04:40:11.005293,ICICIBANK.NS,ICICI Bank Limited,Banks - Regional,Financial Services,NSE,https://www.icici.bank.in,Mumbai,9113483345920,1773808809,1273.3,1286.0,1290.1,1272.5,2201138,1288.7,-15.399902,-1.194439,1240.1,1500.0,1372.298,1393.1235,14397602,7157373013,0.030150002,0.56025004,1793773404160,2154355490816,1924702535680,0.16798,0.27513,487.636,2.611169,17.39481,16.011106,73.2,0.85,0.15020001,11:10,1497916800.0,0.177
2026-03-18T04:40:11.005293,BHARTIARTL.NS,Bharti Airtel Limited,Telecom Services,Communication Services,NSE,https://www.airtel.in,New Delhi,11234501984256,1773808805,1844.3,1826.8,1851.8,1826.8,920882,1827.0,17.300049,0.94680655,1627.5,2174.5,1959.78,1982.361,7184814,5699361104,0.51323,0.3382,276804009984,1979059011584,2034658050048,0.23125,0.14937,204.916,9.000274,36.441414,27.58392,50.61,0.88,0.31620002,2:1,1248393600.0,-0.061
2026-03-18T04:40:11.005293,SHRIRAMFIN.NS,Shriram Finance Limited,Credit Services,Financial Services,NSE,https://shriramfinance.in,Mumbai,1905987944448,1773808808,1013.0,1013.3,1028.9,1011.1,1050212,1004.6,8.400024,0.8359897,566.5,1108.0,1024.592,796.4535,7512467,1881528126,0.27558002,0.48223,119792803840,1691345485824,199077298176,,0.45946997,322.11,3.1448886,20.835049,17.204554,48.62,1.46,0.21200001,5:1,1736467200.0,0.513
2026-03-18T04:40:11.005293,ONGC.NS,Oil and Natural Gas Corporation Limited,Oil & Gas Integrated,Energy,NSE,https://www.ongcindia.com,New Delhi,3318677504000,1773808805,263.8,265.15,266.4,263.6,1931802,264.75,-0.9500122,-0.35896924,205.0,293.0,263.1146,247.34566,19047822,12580279206,0.69208,0.22935,502678290432,1760177946624,6559959089152,,0.057979997,292.589,0.901606,8.726431,7.1758294,30.23,6.99,0.4051,3:2,1481760000.0,0.217
2026-03-18T04:40:11.005293,BEL.NS,Bharat Electronics Limited,Aerospace & Defense,Industrials,NSE,https://www.bel-india.in,Bengaluru,3242617995264,1773808805,443.6,445.45,446.25,440.5,4851973,439.35,4.25,0.9675583,256.2,473.45,435.411,409.98526,20151559,7309778829,0.53198004,0.26386,81165197312,588899968,265352708096,,0.22475,29.476,15.049532,54.296207,45.103992,8.17,0.99,0.2941,3:1,1663200000.0,0.205
2026-03-18T04:40:11.005293,NESTLEIND.NS,Nestlé India Limited,Packaged Foods,Consumer Defensive,NSE,https://www.nestle.in,Gurugram,2329403719680,1773808805,1208.0,1206.0,1213.3,1204.6,95898,1206.9,1.0999756,0.09114812,1074.0,1340.4,1287.124,1231.4962,1086927,1928314320,0.62918997,0.16900998,3658899968,4768500224,218577698816,,0.14922,22.996,52.530876,71.479294,61.05429,16.9,1.58,0.7168,2:1,1754611200.0,0.258
2026-03-18T04:40:11.005293,ITC.NS,ITC Limited,Tobacco,Consumer Defensive,NSE,https://www.itcportal.com,Kolkata,3811391832064,1773808805,304.2,305.9,306.35,303.95,2953329,304.85,-0.6499939,-0.21311276,300.65,444.2,320.113,385.5535,28262771,12529229381,0.27313,0.50240004,185599197184,3629700096,798087184384,,0.43890998,56.707,5.364417,18.720001,18.102242,16.25,4.71,0.8825,3:2,1467331200.0,-0.241
2026-03-18T04:40:11.005293,SUNPHARMA.NS,Sun Pharmaceutical Industries Limited,Drug Manufacturers - Specialty & Generic,Healthcare,NSE,https://sunpharma.com,Mumbai,4308005814272,1773808808,1795.5,1799.6,1805.0,1792.2,512089,1794.4,1.0999756,0.061300468,1548.0,1851.2,1713.174,1692.2285,2540996,2399334970,0.55615,0.28722,278804299776,52151001088,568090886144,,0.19214001,324.462,5.533776,39.392277,31.62176,45.58,0.92,0.3516,2:1,1375056000.0,0.118
2026-03-18T04:40:11.005293,BAJAJ-AUTO.NS,Bajaj Auto Limited,Auto Manufacturers,Consumer Cyclical,NSE,https://www.bajajauto.com,Pune,2573312196608,1773808806,9215.0,9150.0,9240.0,9136.5,55925,9110.0,105.0,1.1525795,7089.35,10187.0,9591.71,8979.65,320928,279246551,0.59971,0.15890999,64727900160,195646095360,590238384128,,0.15052,1223.784,7.5299234,28.983456,23.239685,317.94,2.31,0.66040003,2:1,1283904000.0,0.639
2026-03-18T04:40:11.005293,COALINDIA.NS,Coal India Limited,Thermal Coal,Energy,NSE,https://www.coalindia.in,Kolkata,2794797400064,1773808806,453.5,462.25,462.85,453.05,1624930,462.25,-8.75,-1.8920964,356.0,476.0,431.914,398.2105,10194082,6162728327,0.63137,0.26042998,365200211968,137861693440,1296029450240,,0.23039,171.077,2.6508532,9.362098,8.391587,48.44,4.76,0.547,,,-0.024
2026-03-18T04:40:11.005293,DRREDDY.NS,Dr. Reddy's Laboratories Limited,Drug Manufacturers - Specialty & Generic,Healthcare,NSE,https://www.drreddys.com,Hyderabad,1075875479552,1773808812,1292.2,1283.8,1294.9,1280.1,90113,1283.8,8.399902,0.6542999,1020.0,1379.7,1252.448,1262.197,1545285,832592130,0.29454002,0.52803004,82588999680,67732000768,345831014400,0.161,0.16363001,447.25,2.8892117,19.028124,23.527042,67.91,0.62,0.1179,5:1,1730073600.0,0.311
2026-03-18T04:40:11.005293,RELIANCE.NS,Reliance Industries Limited,Oil & Gas Refining & Marketing,Energy,NSE,https://www.ril.com,Mumbai,19030716973056,1773808812,1406.3,1397.2,1412.1,1397.2,2057555,1397.6,8.700073,0.62245643,1114.85,1611.8,1416.416,1448.278,13582443,13532472634,0.51049,0.27966,2238710022144,3745930018816,10245479858176,,0.08122,648.12,2.1698143,22.870386,21.45546,61.49,0.39,0.08939999,2:1,1730073600.0,0.205
2026-03-18T04:40:11.005293,TATASTEEL.NS,Tata Steel Limited,Steel,Basic Materials,NSE,https://www.tatasteel.com,Mumbai,2412055363584,1773808812,193.44,196.4,196.43,193.17,8456029,195.43,-2.0299988,-1.0384688,125.3,216.45,196.5688,174.46275,33029495,12471847611,0.35527,0.33645,84856102912,956431269888,2250879270912,,0.04073,76.221,2.5373583,0.3059933,11.114943,632.04,1.84,0.0057,10:1,1658966400.0,0.852
2026-03-18T04:40:11.005293,JSWSTEEL.NS,JSW Steel Limited,Steel,Basic Materials,NSE,https://www.jswsteel.in,Mumbai,2834941083648,1773808808,1160.5,1164.3,1172.4,1160.1,287968,1167.2,-6.699951,-0.57401913,905.2,1284.7,1212.958,1128.1615,1605732,2440633358,0.64623,0.17241,189329997824,1011070009344,1791089967104,,0.041589998,340.317,3.410056,38.099148,19.613024,30.46,0.24,0.092,10:1,1483488000.0,0.597
2026-03-18T04:40:11.005293,HCLTECH.NS,HCL Technologies Limited,Information Technology Services,Technology,NSE,https://www.hcltech.com,Noida,3695650799616,1773808812,1365.9,1326.5,1367.6,1326.5,585257,1321.1,44.80005,3.3924012,1297.7,1780.1,1533.866,1553.2495,2956946,2705652444,0.62674,0.27354,3492000000,791000000,14480000000,0.23188,0.13024999,276.6193,4.9378333,22.524736,18.57788,60.64,4.09,0.88989997,2:1,1575504000.0,0.155
2026-03-18T04:40:11.005293,TRENT.NS,Trent Limited,Apparel Retail,Consumer Cyclical,NSE,https://trentlimited.com,Mumbai,1313739505664,1773808811,3695.6,3636.0,3720.0,3621.0,201707,3634.5,61.100098,1.6813918,3427.9,6261.0,3902.822,4679.053,965384,355487461,0.41904,0.31358,8786899968,23485700096,192631603200,,0.08501001,171.62,21.533623,80.06066,61.383045,46.16,0.14,0.1086,10:1,1473638400.0,0.034
2026-03-18T04:40:11.005293,ASIANPAINT.NS,Asian Paints Limited,Specialty Chemicals,Basic Materials,NSE,https://www.asianpaints.com,Mumbai,2148593172480,1773808812,2241.4,2235.1,2252.2,2228.6,239730,2238.2,3.1999512,0.14293154,2162.6,2985.7,2472.224,2530.1006,1322171,958594309,0.53196996,0.26859,56484900864,35570900992,346495287296,,0.11098,204.34,10.968973,55.95107,44.03831,40.06,1.12,0.62450004,10:1,1375142400.0,0.127
2026-03-18T04:40:11.005293,M&M.NS,Mahindra & Mahindra Limited,Auto Manufacturers,Consumer Cyclical,NSE,https://www.mahindra.com,Mumbai,3825907007488,1773808813,3187.0,3140.1,3202.9,3140.1,1015216,3128.9,58.100098,1.8569452,2425.0,3839.9,3459.462,3453.5276,2564440,1200472788,0.25263,0.48923,384669188096,1297657364480,1888898121728,,0.08326,741.994,4.2951827,22.787073,21.851469,139.86,0.81,0.18110001,2:1,1513814400.0,0.291
2026-03-18T04:40:11.005293,INFY.NS,Infosys Limited,Information Technology Services,Technology,NSE,https://www.infosys.com,Bengaluru,5149457121280,1773808813,1272.6,1238.0,1276.0,1234.9,2751726,1232.9,39.69995,3.2200463,1215.1,1728.0,1468.112,1520.8965,11121780,4046406691,0.16068001,0.49275002,2984999936,978000000,19847000064,0.32683,0.16153999,210.55545,6.0440135,17.858545,16.674633,71.26,3.65,0.6717,2:1,1536019200.0,0.184
2026-03-18T04:40:11.005293,POWERGRID.NS,Power Grid Corporation of India Limited,Utilities - Regulated Electric,Utilities,NSE,https://www.powergrid.in,Gurugram,2801342087168,1773808812,301.2,299.55,304.2,299.35,1660943,298.5,2.7000122,0.9045267,250.0,322.0,282.025,282.44424,15369147,9300603819,0.52614,0.3509,96366100480,1396777156608,473426100224,,0.32792,106.531,2.827346,19.332478,16.297583,15.58,4.1,0.5776,4:3,1694476800.0,0.22
2026-03-18T04:40:11.005293,LT.NS,Larsen & Toubro Limited,Engineering & Construction,Industrials,NSE,https://www.larsentoubro.com,Mumbai,4910382841856,1773808813,3569.6,3569.0,3604.9,3555.0,924288,3542.8,26.800049,0.7564652,2965.3,4440.0,3985.392,3825.6794,2582375,1375611529,0.16610001,0.48985,631236001792,1340011315200,2827686510592,,0.057490002,736.989,4.8434916,27.909304,22.275148,127.9,0.96,0.2658,3:2,1499904000.0,0.269
2026-03-18T04:40:11.005293,TCS.NS,Tata Consultancy Services Limited,Information Technology Services,Technology,NSE,https://www.tcs.com,Mumbai,8918585573376,1773808814,2465.0,2410.0,2470.0,2410.0,945342,2391.7,73.30005,3.065024,2360.0,3710.0,2871.16,3081.787,3581003,3618087518,0.71789,0.17117001,567430021120,108210003968,2608020062208,0.42635,0.18295999,313.727,7.85715,18.705418,16.04443,131.78,2.63,0.4701,2:1,1527724800.0,0.199
2026-03-18T04:40:11.005293,INDIGO.NS,InterGlobe Aviation Limited,Airlines,Industrials,NSE,https://www.goindigo.in,Gurugram,1667075276800,1773808813,4312.0,4290.0,4417.5,4290.0,538258,4287.9,24.100098,0.5625213,4035.0,6232.5,4726.212,5419.3955,1421163,386612998,0.41576,0.44248,496290988032,748138004480,846754021376,,0.03793,223.364,19.304811,51.833153,21.300735,83.19,0.23,0.1205,,,0.606
2026-03-18T04:40:11.005293,SBILIFE.NS,SBI Life Insurance Company Limited,Insurance - Life,Financial Services,NSE,https://www.sbilife.co.in,Mumbai,1947858501632,1773808808,1942.0,1932.0,1951.9,1932.0,128378,1932.1,9.900024,0.5123706,1430.55,2132.0,2020.682,1920.554,957660,1003016796,0.58472997,0.2922,19143600128,0,1312575717376,0.13921,0.01889,189.622,10.241428,78.52811,60.8766,24.73,0.14,0.1093,,,0.309
2026-03-18T04:40:11.005293,WIPRO.NS,Wipro Limited,Information Technology Services,Technology,NSE,https://www.wipro.com,Bengaluru,2054557138944,1773808814,196.02,193.0,196.76,192.69,6727162,191.32,4.769989,2.4933295,188.25,274.7,224.4786,245.68996,14653425,10476552622,0.72789,0.14795,573949018112,198046007296,908918980608,0.15195,0.14594,85.612,2.2904499,15.525732,14.553462,12.63,8.89,0.87160003,2:1,1733184000.0,0.365
2026-03-18T04:40:11.005293,BAJFINANCE.NS,Bajaj Finance Limited,Credit Services,Financial Services,NSE,https://www.aboutbajajfinserv.com/finance-about-us,Pune,5336421892096,1773808815,858.45,876.1,893.95,858.2,3556543,868.6,-10.149963,-1.1682067,830.715,1102.5,957.633,969.458,7884233,6216345518,0.56042,0.25449,128014401536,3276648742912,412833284096,,0.4368,166.188,5.1655354,29.68361,21.006266,28.92,0.51,0.1519,2:1,1750032000.0,0.134
2026-03-18T04:40:11.005293,ETERNAL.NS,Eternal Limited,Internet Retail,Consumer Cyclical,NSE,https://www.eternal.com,Gurugram,2175251513344,1773808814,238.72,235.8,240.68,234.04,24353397,234.63,4.0899963,1.7425002,194.8,368.45,267.1832,291.4246,48603325,9112145727,0.2775,0.51028,46429999104,33510000640,429050003456,,0.00538,33.193,7.191878,1037.9131,108.86538,0.23,,0.0,,,0.191
2026-03-18T04:40:11.005293,TMPV.NS,Tata Motors Passenger Vehicles Limited,Auto Manufacturers,Consumer Cyclical,NSE,https://www.tatamotors.com,Mumbai,1198797881344,1773808814,325.55,321.0,328.45,319.9,2463808,319.2,6.3499756,1.9896523,306.9,419.0,358.907,367.4281,11879552,3682377563,0.44153,0.2492,469260009472,672579977216,4021130100736,,0.21158001,300.66,1.0827845,30.625586,7.9470143,10.63,1.88,0.56439996,,,0.586
2026-03-18T04:40:11.005293,TATACONSUM.NS,Tata Consumer Products Limited,Packaged Foods,Consumer Defensive,NSE,https://www.tataconsumer.com,Mumbai,1064368537600,1773808815,1075.6,1075.6,1082.2,1071.1,213515,1078.0,-2.4000244,-0.22271942,945.25,1220.9,1144.58,1129.3665,1210205,989557956,0.34395,0.34539002,22917500928,25761099776,194650292224,,0.07542,205.423,5.236025,72.28494,52.256184,14.88,0.77,0.5563,10:1,1277856000.0,0.277
2026-03-18T04:40:11.005293,EICHERMOT.NS,Eicher Motors Limited,Auto Manufacturers,Consumer Cyclical,NSE,https://eicher.in,Chennai,1924177068032,1773808812,7014.5,6984.0,7068.0,6971.0,186550,6910.0,104.5,1.5121915,4999.95,8230.0,7444.58,6730.795,514530,274314204,0.51166,0.28201,48704499712,4457800192,224315392000,,0.23883,805.256,8.710895,35.99764,29.860266,194.86,1.01,0.35900003,10:1,1598227200.0,0.092
2026-03-18T04:40:11.005293,TECHM.NS,Tech Mahindra Limited,Information Technology Services,Technology,NSE,https://www.techmahindra.com,Pune,1220431446016,1773808815,1377.9,1346.8,1379.8,1344.3,425009,1341.8,36.099976,2.6902134,1209.4,1854.0,1537.308,1528.8,2083618,885544062,0.36617002,0.43854,72789000192,19544000512,551232995328,,0.08387999,310.382,4.4393687,26.467537,18.181864,52.06,3.35,0.86370003,2:1,1426723200.0,0.175
2026-03-18T04:40:11.005293,GRASIM.NS,Grasim Industries Limited,Building Materials,Basic Materials,NSE,https://www.grasim.com,Mumbai,1828205887488,1773808815,2696.1,2699.0,2720.8,2686.7,196687,2683.3,12.800049,0.47704417,2426.0,2979.0,2801.674,2793.96,721279,678092705,0.47872,0.25888002,254070898688,2054033899520,1685968912384,,0.026719999,1468.673,1.8357389,40.512398,22.835363,66.55,0.37,0.15,5:1,1475712000.0,0.17
2026-03-18T04:40:11.005293,MARUTI.NS,Maruti Suzuki India Limited,Auto Manufacturers,Consumer Cyclical,NSE,https://www.marutisuzuki.com,New Delhi,4118987931648,1773808813,13101.0,13100.0,13165.0,13015.0,84589,12972.0,129.0,0.99467963,11059.45,17370.0,14936.02,14866.62,446268,314402574,0.59374,0.28074,76393996288,999000000,1717736046592,,0.08693,3172.502,4.129548,27.593834,22.724667,474.78,1.04,0.2843,,,0.111
2026-03-18T04:40:11.005293,BAJAJFINSV.NS,Bajaj Finserv Ltd.,Financial Conglomerates,Financial Services,NSE,https://www.bajajfinserv.in,Pune,2835717292032,1773808815,1775.1,1773.8,1800.0,1771.0,229055,1774.7,0.4000244,0.02254929,1726.1,2195.0,1963.59,2012.9075,1191297,1597497155,0.64067,0.1433,127543697408,3224357830656,1470303567872,,0.06583,480.6,3.693508,29.594864,21.76466,59.98,0.06,0.0167,5:1,1663027200.0,0.207
2026-03-18T04:40:11.005293,NTPC.NS,NTPC Limited,Utilities - Regulated Electric,Utilities,NSE,https://www.ntpc.co.in,New Delhi,3704126701568,1773808811,382.0,385.0,386.35,381.75,924230,383.35,-1.3500061,-0.35206833,315.55,394.5,362.56,341.06024,11738149,9696666134,0.53295,0.38889,80008798208,2548760313856,1875305562112,,0.12892,198.221,1.927142,21.151716,14.217329,18.06,2.96,0.4758,6:5,1552953600.0,0.283
2026-03-18T04:40:11.005293,SBIN.NS,State Bank of India,Banks - Regional,Financial Services,NSE,https://sbi.bank.in,Mumbai,9809377099776,1773808814,1062.7,1067.5,1072.7,1062.0,1324186,1064.7,-2.0,-0.18784635,730.0,1234.7,1107.038,935.2785,12760674,9230617586,0.5692,0.28433,3133929684992,6853875990528,3700534018048,,0.22498,641.361,1.656945,11.566174,11.4401245,91.88,1.49,0.1731,10:1,1416441600.0,0.301
2026-03-18T04:40:11.005293,JIOFIN.NS,Jio Financial Services Limited,Asset Management,Financial Services,NSE,https://www.jfs.in,Mumbai,1544766357504,1773808812,243.15,238.9,245.0,237.95,4636737,237.6,5.549988,2.3358533,203.1,338.6,261.529,297.0395,12476098,6353141623,0.48269,0.21843,8100599808,105062096896,25062899712,,0.6403,213.244,1.140243,96.48809,67.541664,2.52,0.21,0.1976,,,0.485
2026-03-18T04:40:11.005293,HDFCLIFE.NS,HDFC Life Insurance Company Limited,Insurance - Life,Financial Services,NSE,https://www.hdfclife.com,Mumbai,1381499273216,1773808813,640.45,642.45,645.7,639.6,341581,642.3,-1.8499756,-0.28802362,617.2,820.75,710.079,751.278,2978979,2157076016,0.55971,0.28125998,5884100096,30990000128,1041531994112,0.11316,0.01815,81.65,7.843846,73.27804,57.471676,8.74,0.33,0.23969999,,,0.48
2026-03-18T04:40:11.005293,HDFCBANK.NS,HDFC Bank Limited,Banks - Regional,Financial Services,NSE,https://www.hdfc.bank.in,Mumbai,12812410683392,1773808817,832.65,845.35,845.35,832.5,7319933,845.35,-12.849976,-1.5198079,812.0,1020.5,908.28,966.9158,30327532,15390282463,0.0015700001,0.56122,1922102460416,6158335082496,2845330898944,0.14015001,0.26187,367.242,2.2668974,18.58259,14.919355,44.8,1.3,0.2176,2:1,1756166400.0,0.364
2026-03-18T04:40:11.005293,AXISBANK.NS,Axis Bank Limited,Banks - Regional,Financial Services,NSE,https://www.axis.bank.in,Mumbai,3855436742656,1773808817,1240.4,1228.0,1248.7,1224.2,1396654,1228.1,12.300049,1.0013881,1032.35,1418.3,1321.164,1213.603,6472981,3107393185,0.02632,0.69497,453789089792,2614195126272,768435683328,0.13625,0.3417,666.704,1.8604959,14.722849,12.229598,84.25,0.08,0.0119,5:1,1406505600.0,0.311
2026-03-18T04:40:11.005293,TITAN.NS,Titan Company Limited,Luxury Goods,Consumer Cyclical,NSE,https://www.titancompany.in,Bengaluru,3634667978752,1773808816,4097.5,4083.7,4124.0,4077.8,151996,4090.5,7.0,0.17113242,2925.0,4378.4,4165.28,3780.0505,909862,887045260,0.58814,0.19819,34639998976,285529997312,755800014848,,0.06306,144.377,28.38056,76.46016,58.566814,53.59,0.27,0.2048,10:1,1308787200.0,0.152
2026-03-18T04:40:11.005293,KOTAKBANK.NS,Kotak Mahindra Bank Limited,Banks - Regional,Financial Services,NSE,https://www.kotak.bank.in,Mumbai,3692761186304,1773808812,371.3,375.0,376.0,371.1,1698369,374.2,-2.9000244,-0.77478606,363.4,460.38,413.6298,418.13696,16221901,9945492975,0.28768,0.47122002,639209373696,827000291328,765436690432,,0.24558,169.003,2.1970022,19.645502,17.199339,18.9,0.13,0.026500002,5:1,1768348800.0,0.143
2026-03-18T04:40:11.005293,ADANIENT.NS,Adani Enterprises Limited,Thermal Coal,Energy,NSE,https://www.adanienterprises.com,Ahmedabad,2731357241344,1773808812,2005.5,1988.9,2027.0,1982.2,402787,1975.4,30.099976,1.5232781,1848.0,2695.0,2107.346,2340.4146,1434462,1154180729,0.77475,0.15032,120686002176,1094649315328,949951594496,,0.14111,445.61,4.500572,18.129633,46.623272,110.62,0.06,0.0114,2:1,1260403200.0,0.396
2026-03-18T04:40:11.005293,APOLLOHOSP.NS,Apollo Hospitals Enterprise Limited,Medical Care Facilities,Healthcare,NSE,https://www.apollohospitals.com,Chennai,1086508761088,1773808809,7556.5,7511.5,7605.0,7511.5,153418,7500.0,56.5,0.75333333,6227.1,8099.5,7361.3,7440.335,423353,143784657,0.28382,0.44397,31439998976,79872000000,242151997440,,0.07441,632.453,11.947924,60.331337,45.347073,125.25,0.27,0.1516,2:1,1283385600.0,0.129
2026-03-18T04:40:11.005293,ADANIPORTS.NS,Adani Ports and Special Economic Zone Limited,Marine Shipping,Industrials,NSE,https://www.adaniports.com,Ahmedabad,3170247639040,1773808817,1376.0,1367.1,1391.9,1367.1,374269,1365.5,10.5,0.7690054,1041.5,1584.0,1460.288,1435.352,2413997,2303959098,0.68052,0.20412001,111290802176,568506974208,364866306048,0.19407,0.34236,310.464,4.432076,23.822716,19.720669,57.76,0.51,0.121300004,5:1,1285200000.0,0.215
2026-03-18T04:40:11.005293,ULTRACEMCO.NS,UltraTech Cement Limited,Building Materials,Basic Materials,NSE,https://www.ultratechcement.com,Mumbai,3293276798976,1773808815,11195.0,11124.0,11287.0,11116.0,32967,11116.0,79.0,0.71017617,10573.0,13110.0,12382.58,12170.11,275795,294137690,0.606,0.21872999,36805300224,252149104640,857753780224,,0.08936,2448.889,4.5714607,43.039486,28.957731,260.11,0.7,0.2976,,,0.371
2026-03-18T04:40:11.005293,MAXHEALTH.NS,Max Healthcare Institute Limited,Medical Care Facilities,Healthcare,NSE,https://www.maxhealthcare.in,Gurugram,954616184832,1773808813,980.2,984.2,989.4,976.4,291252,976.4,3.7999878,0.38902414,933.8,1314.3,1030.786,1136.2395,2967824,973092775,0.26512,0.51818,4970200064,32750200832,81403002880,,0.17434,102.713,9.543097,67.3677,46.317276,14.55,0.15,0.103199996,,,0.012
2026-03-18T04:40:11.005293,HINDUNILVR.NS,Hindustan Unilever Limited,Household & Personal Products,Consumer Defensive,NSE,https://www.hul.co.in,Mumbai,5065044131840,1773808818,2155.4,2165.0,2175.0,2155.1,108026,2158.2,-2.8000488,-0.12975803,2109.3,2750.0,2333.992,2429.478,1492964,2349591262,0.62264997,0.19507,82460000256,17749999616,651000020992,,0.22292,207.383,10.39333,50.183933,43.76871,42.95,1.99,0.9991,10:1,963187200.0,0.28
2026-03-18T04:40:11.005293,CIPLA.NS,Cipla Limited,Drug Manufacturers - Specialty & Generic,Healthcare,NSE,https://www.cipla.com,Mumbai,1035332419584,1773808818,1281.7,1282.0,1289.5,1276.8,419487,1281.9,-0.20007324,-0.015608772,1275.6,1673.0,1349.624,1483.104,1757240,807780677,0.3096,0.42549,106022404096,4673699840,279671898112,,0.16256,407.531,3.1450367,22.773632,22.884058,56.28,1.01,0.23110001,5:2,1145836800.0,-0.042
2026-03-18T06:06:52.232825,HINDALCO.NS,Hindalco Industries Limited,Aluminum,Basic Materials,NSE,https://www.hindalco.com,Mumbai,2079364087808,1773814007,930.0,932.9,934.05,923.0,1724616,936.65,-6.6500244,-0.7100934,546.45,1029.8,940.201,803.27,6666380,2235875391,0.36765,0.40492,252580003840,776500019200,2617010028544,,0.06143,607.505,1.5308516,12.861292,11.393872,72.31,0.53,0.0692,10:1,1125360000.0,0.84
2026-03-18T06:06:52.232825,ICICIBANK.NS,ICICI Bank Limited,Banks - Regional,Financial Services,NSE,https://www.icici.bank.in,Mumbai,9256630747136,1773814010,1293.3,1286.0,1294.0,1270.8,5307780,1288.7,4.6000977,0.35698417,1240.1,1500.0,1372.298,1393.1235,14397602,7157373013,0.030150002,0.56025004,1793773404160,2154355490816,1924702535680,0.16798,0.27513,487.636,2.6521833,17.668034,16.262596,73.2,0.85,0.15020001,11:10,1497916800.0,0.177
2026-03-18T06:06:52.232825,BHARTIARTL.NS,Bharti Airtel Limited,Telecom Services,Communication Services,NSE,https://www.airtel.in,New Delhi,11339274649600,1773814008,1861.5,1826.8,1869.0,1826.8,2184200,1827.0,34.5,1.8883415,1627.5,2174.5,1959.78,1982.361,7184814,5699361104,0.51323,0.3382,276804009984,1979059011584,2034658050048,0.23125,0.14937,204.916,9.08421,36.78127,27.841167,50.61,0.88,0.31620002,2:1,1248393600.0,-0.061
2026-03-18T06:06:52.232825,SHRIRAMFIN.NS,Shriram Finance Limited,Credit Services,Financial Services,NSE,https://shriramfinance.in,Mumbai,1909751021568,1773814010,1015.0,1013.3,1028.9,1008.5,1638771,1004.6,10.400024,1.0352404,566.5,1108.0,1024.592,796.4535,7512467,1881528126,0.27558002,0.48223,119792803840,1691345485824,199077298176,,0.45946997,322.11,3.1510975,20.876183,17.238522,48.62,1.46,0.21200001,5:1,1736467200.0,0.513
2026-03-18T06:06:52.232825,ONGC.NS,Oil and Natural Gas Corporation Limited,Oil & Gas Integrated,Energy,NSE,https://www.ongcindia.com,New Delhi,3311129591808,1773814008,263.2,265.15,266.4,263.1,3076028,264.75,-1.5499878,-0.5854534,205.0,293.0,263.1146,247.34566,19047822,12580279206,0.69208,0.22935,502678290432,1760177946624,6559959089152,,0.057979997,292.589,0.89955544,8.706583,7.159509,30.23,6.99,0.4051,3:2,1481760000.0,0.217
2026-03-18T06:06:52.232825,BEL.NS,Bharat Electronics Limited,Aerospace & Defense,Industrials,NSE,https://www.bel-india.in,Bengaluru,3254678978560,1773814011,445.25,445.45,447.75,440.5,7278501,439.35,5.899994,1.3424332,256.2,473.45,435.411,409.98526,20151559,7309778829,0.53198004,0.26386,81165197312,588899968,265352708096,,0.22475,29.476,15.10551,54.498165,45.27176,8.17,0.99,0.2941,3:1,1663200000.0,0.205
2026-03-18T06:06:52.232825,NESTLEIND.NS,Nestlé India Limited,Packaged Foods,Consumer Defensive,NSE,https://www.nestle.in,Gurugram,2320533553152,1773814012,1203.4,1206.0,1213.3,1199.9,469680,1206.9,-3.5,-0.29009533,1074.0,1340.4,1287.124,1231.4962,1086927,1928314320,0.62918997,0.16900998,3658899968,4768500224,218577698816,,0.14922,22.996,52.33084,71.2071,60.8218,16.9,1.58,0.7168,2:1,1754611200.0,0.258
2026-03-18T06:06:52.232825,ITC.NS,ITC Limited,Tobacco,Consumer Defensive,NSE,https://www.itcportal.com,Kolkata,3833944342528,1773814007,306.0,305.9,306.9,303.8,7288721,304.85,1.1499939,0.37729457,300.65,444.2,320.113,385.5535,28262771,12529229381,0.27313,0.50240004,185599197184,3629700096,798087184384,,0.43890998,56.707,5.396159,18.830769,18.209354,16.25,4.71,0.8825,3:2,1467331200.0,-0.241
2026-03-18T06:06:52.232825,SUNPHARMA.NS,Sun Pharmaceutical Industries Limited,Drug Manufacturers - Specialty & Generic,Healthcare,NSE,https://sunpharma.com,Mumbai,4305366548480,1773814009,1794.4,1799.6,1805.0,1792.2,717339,1794.4,0.0,0.0,1548.0,1851.2,1713.174,1692.2285,2540996,2399334970,0.55615,0.28722,278804299776,52151001088,568090886144,,0.19214001,324.462,5.5303855,39.36814,31.602386,45.58,0.92,0.3516,2:1,1375056000.0,0.118
2026-03-18T06:06:52.232825,BAJAJ-AUTO.NS,Bajaj Auto Limited,Auto Manufacturers,Consumer Cyclical,NSE,https://www.bajajauto.com,Pune,2575965093888,1773814011,9224.5,9150.0,9255.0,9136.5,108141,9110.0,114.5,1.2568606,7089.35,10187.0,9591.71,8979.65,320928,279246551,0.59971,0.15890999,64727900160,195646095360,590238384128,,0.15052,1223.784,7.537686,29.013336,23.263645,317.94,2.31,0.66040003,2:1,1283904000.0,0.639
2026-03-18T06:06:52.232825,COALINDIA.NS,Coal India Limited,Thermal Coal,Energy,NSE,https://www.coalindia.in,Kolkata,2784628834304,1773814013,451.85,462.25,462.85,451.1,2690248,462.25,-10.399994,-2.250107,356.0,476.0,431.914,398.2105,10194082,6162728327,0.63137,0.26042998,365200211968,137861693440,1296029450240,,0.23039,171.077,2.6412084,9.328035,8.361055,48.44,4.76,0.547,,,-0.024
2026-03-18T06:06:52.232825,DRREDDY.NS,Dr. Reddy's Laboratories Limited,Drug Manufacturers - Specialty & Generic,Healthcare,NSE,https://www.drreddys.com,Hyderabad,1075792248832,1773814011,1292.1,1283.8,1299.3,1280.1,189388,1283.8,8.299927,0.6464621,1020.0,1379.7,1252.448,1262.197,1545285,832592130,0.29454002,0.52726,82588999680,67732000768,345831014400,0.161,0.16363001,447.25,2.8889883,19.026651,23.52522,67.91,0.62,0.1179,5:1,1730073600.0,0.311
2026-03-18T06:06:52.232825,RELIANCE.NS,Reliance Industries Limited,Oil & Gas Refining & Marketing,Energy,NSE,https://www.ril.com,Mumbai,19069958881280,1773814012,1409.2,1397.2,1412.9,1397.2,3482142,1397.6,11.599976,0.8300519,1114.85,1611.8,1416.416,1448.278,13582443,13532472634,0.51049,0.27966,2238710022144,3745930018816,10245479858176,,0.08122,648.12,2.1742887,22.917545,21.499702,61.49,0.39,0.08939999,2:1,1730073600.0,0.205
2026-03-18T06:06:52.232825,TATASTEEL.NS,Tata Steel Limited,Steel,Basic Materials,NSE,https://www.tatasteel.com,Mumbai,2430014849024,1773814012,194.84,196.4,196.43,193.17,13520724,195.43,-0.58999634,-0.30188105,125.3,216.45,196.5688,174.46275,33029495,12471847611,0.35527,0.33671,84856102912,956431269888,2250879270912,,0.04073,76.221,2.5562508,0.30827165,11.197701,632.04,1.84,0.0057,10:1,1658966400.0,0.852
2026-03-18T06:06:52.232825,JSWSTEEL.NS,JSW Steel Limited,Steel,Basic Materials,NSE,https://www.jswsteel.in,Mumbai,2877202890752,1773814010,1177.8,1164.3,1179.9,1160.1,505551,1167.2,10.600098,0.9081647,905.2,1284.7,1212.958,1128.1615,1605732,2440633358,0.64623,0.17241,189329997824,1011070009344,1791089967104,,0.041589998,340.317,3.4608912,38.667107,19.905403,30.46,0.24,0.092,10:1,1483488000.0,0.597
2026-03-18T06:06:52.232825,HCLTECH.NS,HCL Technologies Limited,Information Technology Services,Technology,NSE,https://www.hcltech.com,Noida,3717025497088,1773814013,1373.8,1326.5,1376.7,1326.5,1027683,1321.1,52.700073,3.9891057,1297.7,1780.1,1533.866,1553.2495,2956946,2705652444,0.62674,0.27354,3492000000,791000000,14480000000,0.23188,0.13024999,276.6193,4.9663925,22.655014,18.685331,60.64,4.09,0.88989997,2:1,1575504000.0,0.155
2026-03-18T06:06:52.232825,TRENT.NS,Trent Limited,Apparel Retail,Consumer Cyclical,NSE,https://trentlimited.com,Mumbai,1317116575744,1773814013,3705.1,3636.0,3720.0,3621.0,351823,3634.5,70.6001,1.9424982,3427.9,6261.0,3902.822,4679.053,965384,355487461,0.41904,0.31358,8786899968,23485700096,192631603200,,0.08501001,171.62,21.588976,80.266464,61.54084,46.16,0.14,0.1086,10:1,1473638400.0,0.034
2026-03-18T06:06:52.232825,ASIANPAINT.NS,Asian Paints Limited,Specialty Chemicals,Basic Materials,NSE,https://www.asianpaints.com,Mumbai,2150989692928,1773814012,2243.9,2235.1,2252.2,2228.6,323506,2238.2,5.699951,0.25465536,2162.6,2985.7,2472.224,2530.1006,1322171,958594309,0.53196996,0.26859,56484900864,35570900992,346495287296,,0.11098,204.34,10.981208,56.013477,44.08743,40.06,1.12,0.62450004,10:1,1375142400.0,0.127
2026-03-18T06:06:52.232825,M&M.NS,Mahindra & Mahindra Limited,Auto Manufacturers,Consumer Cyclical,NSE,https://www.mahindra.com,Mumbai,3870564548608,1773814013,3224.2,3140.1,3233.0,3140.1,1709500,3128.9,95.30005,3.0455084,2425.0,3839.9,3459.462,3453.5276,2564440,1200472788,0.25263,0.48923,384669188096,1297657364480,1888898121728,,0.08326,741.994,4.345318,23.053053,22.10653,139.86,0.81,0.18110001,2:1,1513814400.0,0.291
2026-03-18T06:06:52.232825,INFY.NS,Infosys Limited,Information Technology Services,Technology,NSE,https://www.infosys.com,Bengaluru,5204487962624,1773814014,1286.2,1238.0,1289.4,1234.9,4962286,1232.9,53.299927,4.3231344,1215.1,1728.0,1468.112,1520.8965,11121780,4046406691,0.16068001,0.49275002,2984999936,978000000,19847000064,0.32683,0.16153999,210.55545,6.1086044,18.049395,16.85283,71.26,3.65,0.6717,2:1,1536019200.0,0.184
2026-03-18T06:06:52.232825,POWERGRID.NS,Power Grid Corporation of India Limited,Utilities - Regulated Electric,Utilities,NSE,https://www.powergrid.in,Gurugram,2805992259584,1773814013,301.7,299.55,304.2,299.35,2916812,298.5,3.2000122,1.07257,250.0,322.0,282.025,282.44424,15369147,9300603819,0.52614,0.3509,96366100480,1396777156608,473426100224,,0.32792,106.531,2.8320396,19.36457,16.324636,15.58,4.1,0.5776,4:3,1694476800.0,0.22
2026-03-18T06:06:52.232825,LT.NS,Larsen & Toubro Limited,Engineering & Construction,Industrials,NSE,https://www.larsentoubro.com,Mumbai,4961830699008,1773814013,3607.0,3569.0,3608.1,3555.0,1612038,3542.8,64.19995,1.8121758,2965.3,4440.0,3985.392,3825.6794,2582375,1375611529,0.16610001,0.48985,631236001792,1340011315200,2827686510592,,0.057490002,736.989,4.8942385,28.20172,22.508533,127.9,0.96,0.2658,3:2,1499904000.0,0.269
2026-03-18T06:06:52.232825,TCS.NS,Tata Consultancy Services Limited,Information Technology Services,Technology,NSE,https://www.tcs.com,Mumbai,8953680363520,1773814009,2474.7,2410.0,2480.0,2410.0,1582120,2391.7,83.0,3.471351,2360.0,3710.0,2871.16,3081.787,3581003,3618087518,0.71789,0.17117001,567430021120,108210003968,2608020062208,0.42635,0.18295999,313.727,7.888068,18.779026,16.107565,131.78,2.63,0.4701,2:1,1527724800.0,0.199
2026-03-18T06:06:52.232825,INDIGO.NS,InterGlobe Aviation Limited,Airlines,Industrials,NSE,https://www.goindigo.in,Gurugram,1680838623232,1773814014,4347.6,4290.0,4417.5,4290.0,856498,4287.9,59.700195,1.3923595,4035.0,6232.5,4726.212,5419.3955,1421163,386612998,0.41576,0.44248,496290988032,748138004480,846754021376,,0.03793,223.364,19.464193,52.26109,21.476595,83.19,0.23,0.1205,,,0.606
2026-03-18T06:06:52.232825,SBILIFE.NS,SBI Life Insurance Company Limited,Insurance - Life,Financial Services,NSE,https://www.sbilife.co.in,Mumbai,1968320151552,1773814010,1962.4,1932.0,1963.8,1932.0,211672,1932.1,30.300049,1.5682443,1430.55,2132.0,2020.682,1920.554,957660,1003016796,0.58472997,0.2922,19143600128,0,1312575717376,0.13921,0.01889,189.622,10.34901,79.35301,61.516083,24.73,0.14,0.1093,,,0.309
2026-03-18T06:06:52.232825,WIPRO.NS,Wipro Limited,Information Technology Services,Technology,NSE,https://www.wipro.com,Bengaluru,2072159584256,1773814014,197.77,193.0,197.95,192.69,11769136,191.32,6.449997,3.3711371,188.25,274.7,224.4786,245.68996,14653425,10476552622,0.72789,0.14795,573949018112,198046007296,908918980608,0.15195,0.14594,85.612,2.3100734,15.65875,14.678149,12.63,8.89,0.87160003,2:1,1733184000.0,0.365
2026-03-18T06:06:52.232825,BAJFINANCE.NS,Bajaj Finance Limited,Credit Services,Financial Services,NSE,https://www.aboutbajajfinserv.com/finance-about-us,Pune,5375274254336,1773814015,864.7,876.1,893.95,858.2,5904026,868.6,-3.8999634,-0.4490459,830.715,1102.5,957.633,969.458,7884233,6216345518,0.56042,0.25449,128014401536,3276648742912,412833284096,,0.4368,166.188,5.2031436,29.899723,21.159203,28.92,0.51,0.1519,2:1,1750032000.0,0.134
2026-03-18T06:06:52.232825,ETERNAL.NS,Eternal Limited,Internet Retail,Consumer Cyclical,NSE,https://www.eternal.com,Gurugram,2193293443072,1773814013,240.7,235.8,242.5,234.04,39782477,234.63,6.069992,2.5870485,194.8,368.45,267.1832,291.4246,48603325,9112145727,0.2775,0.51028,46429999104,33510000640,429050003456,,0.00538,33.193,7.2515287,1046.5217,109.768326,0.23,,0.0,,,0.191
2026-03-18T06:06:52.232825,TMPV.NS,Tata Motors Passenger Vehicles Limited,Auto Manufacturers,Consumer Cyclical,NSE,https://www.tatamotors.com,Mumbai,1201743855616,1773814015,326.35,321.0,330.2,319.9,4215454,319.2,7.149994,2.240675,306.9,419.0,358.907,367.4281,11879552,3682377563,0.44153,0.2492,469260009472,672579977216,4021130100736,,0.21158001,300.66,1.0854454,30.700848,7.9665437,10.63,1.88,0.56439996,,,0.586
2026-03-18T06:06:52.232825,TATACONSUM.NS,Tata Consumer Products Limited,Packaged Foods,Consumer Defensive,NSE,https://www.tataconsumer.com,Mumbai,1065457025024,1773814011,1076.7,1075.6,1085.2,1071.1,379781,1078.0,-1.3000488,-0.12059822,945.25,1220.9,1144.58,1129.3665,1210205,989557956,0.34395,0.34539002,22917500928,25761099776,194650292224,,0.07542,205.423,5.2413797,72.358864,52.309624,14.88,0.77,0.5563,10:1,1277856000.0,0.277
2026-03-18T06:06:52.232825,EICHERMOT.NS,Eicher Motors Limited,Auto Manufacturers,Consumer Cyclical,NSE,https://eicher.in,Chennai,1928428912640,1773814013,7030.0,6984.0,7068.0,6971.0,262848,6910.0,120.0,1.7363623,4999.95,8230.0,7444.58,6730.795,514530,274314204,0.51166,0.28201,48704499712,4457800192,224315392000,,0.23883,805.256,8.730144,36.077183,29.926247,194.86,1.01,0.35900003,10:1,1598227200.0,0.092
2026-03-18T06:06:52.232825,TECHM.NS,Tech Mahindra Limited,Information Technology Services,Technology,NSE,https://www.techmahindra.com,Pune,1238057222144,1773814015,1397.8,1346.8,1401.8,1344.3,950837,1341.8,56.0,4.173498,1209.4,1854.0,1537.308,1528.8,2083618,885544062,0.36617002,0.43854,72789000192,19544000512,551232995328,,0.08387999,310.382,4.5034833,26.849789,18.444452,52.06,3.35,0.86370003,2:1,1426723200.0,0.175
2026-03-18T06:06:52.232825,GRASIM.NS,Grasim Industries Limited,Building Materials,Basic Materials,NSE,https://www.grasim.com,Mumbai,1843734118400,1773814016,2719.0,2699.0,2724.4,2686.7,372289,2683.3,35.69995,1.3304495,2426.0,2979.0,2801.674,2793.96,721279,678092705,0.47872,0.25888002,254070898688,2054033899520,1685968912384,,0.026719999,1468.673,1.8513311,40.8565,23.02932,66.55,0.37,0.15,5:1,1475712000.0,0.17
2026-03-18T06:06:52.232825,MARUTI.NS,Maruti Suzuki India Limited,Auto Manufacturers,Consumer Cyclical,NSE,https://www.marutisuzuki.com,New Delhi,4128105562112,1773814015,13130.0,13100.0,13176.0,13015.0,171646,12972.0,158.0,1.218008,11059.45,17370.0,14936.02,14866.62,446268,314402574,0.59374,0.28074,76393996288,999000000,1717736046592,,0.08693,3172.502,4.1386895,27.654915,22.77497,474.78,1.04,0.2843,,,0.111
2026-03-18T06:06:52.232825,BAJAJFINSV.NS,Bajaj Finserv Ltd.,Financial Conglomerates,Financial Services,NSE,https://www.bajajfinserv.in,Pune,2844503572480,1773814013,1780.6,1773.8,1800.0,1770.0,475814,1774.7,5.9000244,0.33256438,1726.1,2195.0,1963.59,2012.9075,1191297,1597497155,0.64067,0.1433,127543697408,3224357830656,1470303567872,,0.06583,480.6,3.704952,29.686562,21.832094,59.98,0.06,0.0167,5:1,1663027200.0,0.207
2026-03-18T06:06:52.232825,NTPC.NS,NTPC Limited,Utilities - Regulated Electric,Utilities,NSE,https://www.ntpc.co.in,New Delhi,3690066345984,1773814013,380.55,385.0,386.35,380.4,2161693,383.35,-2.8000183,-0.7306937,315.55,394.5,362.56,341.06024,11738149,9696666134,0.53295,0.38889,80008798208,2548760313856,1875305562112,,0.12892,198.221,1.9198269,21.071428,14.163362,18.06,2.96,0.4758,6:5,1552953600.0,0.283
2026-03-18T06:06:52.232825,SBIN.NS,State Bank of India,Banks - Regional,Financial Services,NSE,https://sbi.bank.in,Mumbai,9837068943360,1773814015,1065.7,1067.5,1072.7,1061.3,3427784,1064.7,1.0,0.093923174,730.0,1234.7,1107.038,935.2785,12760674,9230617586,0.5692,0.28433,3133929684992,6853875990528,3700534018048,,0.22498,641.361,1.6616225,11.5988245,11.47242,91.88,1.49,0.1731,10:1,1416441600.0,0.301
2026-03-18T06:06:52.232825,JIOFIN.NS,Jio Financial Services Limited,Asset Management,Financial Services,NSE,https://www.jfs.in,Mumbai,1561602293760,1773814015,245.8,238.9,245.9,237.95,6876442,237.6,8.199997,3.4497254,203.1,338.6,261.529,297.0395,12476098,6353141623,0.48269,0.21843,8100599808,105062096896,25062899712,,0.6403,213.244,1.1526701,97.53969,68.27778,2.52,0.21,0.1976,,,0.485
2026-03-18T06:06:52.232825,HDFCLIFE.NS,HDFC Life Insurance Company Limited,Insurance - Life,Financial Services,NSE,https://www.hdfclife.com,Mumbai,1386568351744,1773814015,642.8,642.45,645.7,639.6,508482,642.3,0.5,0.077845246,617.2,820.75,710.079,751.278,2978979,2157076016,0.55971,0.28125998,5884100096,30990000128,1041531994112,0.11316,0.01815,81.65,7.872627,73.54691,57.682556,8.74,0.33,0.23969999,,,0.48
2026-03-18T06:06:52.232825,HDFCBANK.NS,HDFC Bank Limited,Banks - Regional,Financial Services,NSE,https://www.hdfc.bank.in,Mumbai,12920142430208,1773814016,839.5,845.35,845.35,831.6,11722607,845.35,-5.8499756,-0.6918954,812.0,1020.5,908.28,966.9158,30327532,15390282463,0.0015700001,0.56122,1922102460416,6158335082496,2845330898944,0.14015001,0.26187,367.242,2.2859585,18.73884,15.044803,44.8,1.3,0.2176,2:1,1756166400.0,0.364
2026-03-18T06:06:52.232825,AXISBANK.NS,Axis Bank Limited,Banks - Regional,Financial Services,NSE,https://www.axis.bank.in,Mumbai,3884964642816,1773814016,1249.9,1228.0,1250.0,1224.2,2391242,1228.1,21.800049,1.7749592,1032.35,1418.3,1321.164,1213.603,6472981,3107393185,0.02632,0.69497,453789089792,2614195126272,768435683328,0.13625,0.3417,666.704,1.8747451,14.8356085,12.323262,84.25,0.08,0.0119,5:1,1406505600.0,0.311
2026-03-18T06:06:52.232825,TITAN.NS,Titan Company Limited,Luxury Goods,Consumer Cyclical,NSE,https://www.titancompany.in,Bengaluru,3643005992960,1773814016,4106.9,4083.7,4124.0,4077.8,230469,4090.5,16.399902,0.40085799,2925.0,4378.4,4165.28,3780.0505,909862,887045260,0.58814,0.19819,34639998976,285529997312,755800014848,,0.06306,144.377,28.445665,76.63557,58.701168,53.59,0.27,0.2048,10:1,1308787200.0,0.152
2026-03-18T06:06:52.232825,KOTAKBANK.NS,Kotak Mahindra Bank Limited,Banks - Regional,Financial Services,NSE,https://www.kotak.bank.in,Mumbai,3720608743424,1773814017,374.1,375.0,376.0,371.1,5348418,374.2,-0.1000061,-0.026732452,363.4,460.38,413.6298,418.13696,16221901,9945492975,0.28768,0.47122002,639209373696,827000291328,765436690432,,0.24558,169.003,2.21357,19.793652,17.32904,18.9,0.13,0.026500002,5:1,1768348800.0,0.143
2026-03-18T06:06:52.232825,ADANIENT.NS,Adani Enterprises Limited,Thermal Coal,Energy,NSE,https://www.adanienterprises.com,Ahmedabad,2736396435456,1773814013,2009.2,1988.9,2027.0,1982.2,537583,1975.4,33.799927,1.7112154,1848.0,2695.0,2107.346,2340.4146,1434462,1154180729,0.77475,0.15032,120686002176,1094649315328,949951594496,,0.14111,445.61,4.5088754,18.16308,46.709286,110.62,0.06,0.0114,2:1,1260403200.0,0.396
2026-03-18T06:06:52.232825,APOLLOHOSP.NS,Apollo Hospitals Enterprise Limited,Medical Care Facilities,Healthcare,NSE,https://www.apollohospitals.com,Chennai,1083848720384,1773814016,7538.0,7511.5,7605.0,7511.5,269194,7500.0,38.0,0.50666666,6227.1,8099.5,7361.3,7440.335,423353,143784657,0.28382,0.44397,31439998976,79872000000,242151997440,,0.07441,632.453,11.918673,60.18363,45.236053,125.25,0.27,0.1516,2:1,1283385600.0,0.129
2026-03-18T06:06:52.232825,ADANIPORTS.NS,Adani Ports and Special Economic Zone Limited,Marine Shipping,Industrials,NSE,https://www.adaniports.com,Ahmedabad,3216096362496,1773814013,1395.9,1367.1,1397.4,1367.1,706539,1365.5,30.400024,2.2262926,1041.5,1584.0,1460.288,1435.352,2413997,2303959098,0.68052,0.20412001,111290802176,568506974208,364866306048,0.19407,0.34236,310.464,4.496174,24.167244,20.005873,57.76,0.51,0.121300004,5:1,1285200000.0,0.215
2026-03-18T06:06:52.232825,ULTRACEMCO.NS,UltraTech Cement Limited,Building Materials,Basic Materials,NSE,https://www.ultratechcement.com,Mumbai,3303866892288,1773814016,11231.0,11124.0,11287.0,11116.0,68647,11116.0,115.0,1.0351036,10573.0,13110.0,12382.58,12170.11,275795,294137690,0.606,0.21872999,36805300224,252149104640,857753780224,,0.08936,2448.889,4.5861616,43.177887,29.050852,260.11,0.7,0.2976,,,0.371
2026-03-18T06:06:52.232825,MAXHEALTH.NS,Max Healthcare Institute Limited,Medical Care Facilities,Healthcare,NSE,https://www.maxhealthcare.in,Gurugram,942539800576,1773814014,967.8,984.2,989.4,967.4,791586,976.4,-8.600037,-0.8807903,933.8,1314.3,1030.786,1136.2395,2967824,973092775,0.26512,0.51818,4970200064,32750200832,81403002880,,0.17434,102.713,9.422371,66.515465,45.731342,14.55,0.15,0.103199996,,,0.012
2026-03-18T06:06:52.232825,HINDUNILVR.NS,Hindustan Unilever Limited,Household & Personal Products,Consumer Defensive,NSE,https://www.hul.co.in,Mumbai,5052590194688,1773814013,2150.1,2165.0,2175.0,2148.2,535434,2158.2,-8.0998535,-0.37530598,2109.3,2750.0,2333.992,2429.478,1492964,2349591262,0.62264997,0.19507,82460000256,17749999616,651000020992,,0.22292,207.383,10.367774,50.060535,43.66109,42.95,1.99,0.9991,10:1,963187200.0,0.28
2026-03-18T06:06:52.232825,CIPLA.NS,Cipla Limited,Drug Manufacturers - Specialty & Generic,Healthcare,NSE,https://www.cipla.com,Mumbai,1029839585280,1773814013,1275.6,1282.0,1289.5,1274.5,806837,1281.9,-7.0,-0.5461923,1274.5,1673.0,1349.624,1483.104,1757240,807780677,0.3096,0.42549,106022404096,4673699840,279671898112,,0.16256,407.531,3.128351,22.65281,22.76265,56.28,1.01,0.23110001,5:2,1145836800.0,-0.042
